date,rtrn
2007-01-03,0.04928654532543959
2007-01-04,0.05000273973491866
2007-01-05,0.06748762560058857
2007-01-08,0.06041242100469923
2007-01-09,0.06911865091861628
2007-01-10,0.06434921071028796
2007-01-11,0.05397302088201019
2007-01-12,0.054338347233808336
2007-01-16,0.04558096633194588
2007-01-17,0.038419746693172684
2007-01-18,0.04495534458111818
2007-01-19,0.039898734682120206
2007-01-22,0.01945089211797892
2007-01-23,0.01885508768626394
2007-01-24,0.0202876155177243
2007-01-25,0.029071064483651772
2007-01-26,0.029446393052881107
2007-01-29,0.044466673468674334
2007-01-30,0.04266383649947558
2007-01-31,0.02922505397527269
2007-02-01,0.03489895574939153
2007-02-02,0.0073259127012314795
2007-02-05,0.010524503881289475
2007-02-06,0.0031223779791616744
2007-02-07,0.013843744036375694
2007-02-08,-0.01255173868592111
2007-02-09,-0.009525892764910539
2007-02-12,-0.019460286490586103
2007-02-13,-0.03746720702084326
2007-02-14,-0.015900628155682203
2007-02-15,-0.02196291420718387
2007-02-16,-0.0349336121898353
2007-02-20,-0.033276076608646385
2007-02-21,-0.04851087138970826
2007-02-22,-0.04274643037669722
2007-02-23,-0.056672117791271834
2007-02-26,-0.040280048836692325
2007-02-27,-0.025736138619096224
2007-02-28,-0.019075739177489268
2007-03-01,0.013430064273672772
2007-03-02,0.02565220328441918
2007-03-05,0.044654280037108224
2007-03-06,0.021409559383687587
2007-03-07,0.017468734058536987
2007-03-08,0.025207644045434078
2007-03-09,0.03888633884562788
2007-03-12,0.034957673744082235
2007-03-13,0.06361120238522215
2007-03-14,0.03161999090307682
2007-03-15,0.03533969997245974
2007-03-16,0.043409376604331834
2007-03-19,0.018111063569925076
2007-03-20,-0.003079502197340771
2007-03-21,-0.013438270996540375
2007-03-22,-0.014375060384968259
2007-03-23,-0.009572098555114624
2007-03-26,0.00037276809973000577
2007-03-27,0.010991669932149329
2007-03-28,0.023728085335508353
2007-03-29,0.007415785579867395
2007-03-30,0.007967285831543568
2007-04-02,-0.0023386843239869884
2007-04-03,-0.02394930171654855
2007-04-04,-0.025397662311610385
2007-04-05,-0.05334368021870279
2007-04-09,-0.05066779012780906
2007-04-10,-0.07191581641410805
2007-04-11,-0.05155468523316045
2007-04-12,-0.05116315067082039
2007-04-13,-0.06645837074337499
2007-04-16,-0.06618013053977212
2007-04-17,-0.09360293021169477
2007-04-18,-0.10005821200520199
2007-04-19,-0.12880342831819386
2007-04-20,-0.14277354176176055
2007-04-23,-0.15229871352110919
2007-04-24,-0.13030473909532952
2007-04-25,-0.1305527100522351
2007-04-26,-0.1452048561647816
2007-04-27,-0.1276720796616074
2007-04-30,-0.11438788940220812
2007-05-01,-0.1242501857801329
2007-05-02,-0.11422137665758411
2007-05-03,-0.10308162645991747
2007-05-04,-0.11594728394099832
2007-05-07,-0.14814830431251141
2007-05-08,-0.156488013327697
2007-05-09,-0.15071396025301398
2007-05-10,-0.14350162007890735
2007-05-11,-0.146287032444047
2007-05-14,-0.13642504983511336
2007-05-15,-0.12313283997057001
2007-05-16,-0.1426049001818757
2007-05-17,-0.14114653671794525
2007-05-18,-0.1483897432522788
2007-05-21,-0.1418950934468285
2007-05-22,-0.15338197033503023
2007-05-23,-0.14677003360805302
2007-05-24,-0.12163829827945236
2007-05-25,-0.1189127773280052
2007-05-29,-0.12281641696418147
2007-05-30,-0.13864867674036035
2007-05-31,-0.1653104769491661
2007-06-01,-0.1696467393927077
2007-06-04,-0.17434830391589454
2007-06-05,-0.16344387425339485
2007-06-06,-0.1751951150457853
2007-06-07,-0.16628984199171992
2007-06-08,-0.19131679758492995
2007-06-11,-0.15910719654400957
2007-06-12,-0.1558772841798027
2007-06-13,-0.16711971962989902
2007-06-14,-0.19259224366992492
2007-06-15,-0.2029986519057863
2007-06-18,-0.1616009537448588
2007-06-19,-0.1856410903706246
2007-06-20,-0.1551968789373586
2007-06-21,-0.1439652637475059
2007-06-22,-0.13210087449261407
2007-06-25,-0.13524165924990594
2007-06-26,-0.13972004933285623
2007-06-27,-0.15903948098983928
2007-06-28,-0.15460607534126056
2007-06-29,-0.11686471460489735
2007-07-02,-0.12818817375155261
2007-07-03,-0.13003981283444566
2007-07-05,-0.12966919641688174
2007-07-06,-0.13247439048341247
2007-07-09,-0.1369972962755454
2007-07-10,-0.13058402700322558
2007-07-11,-0.13294395952283794
2007-07-12,-0.17023411881171868
2007-07-13,-0.1765742900720128
2007-07-16,-0.17025298131190436
2007-07-17,-0.14929314552902145
2007-07-18,-0.1461367044626556
2007-07-19,-0.1319220286802713
2007-07-20,-0.12103542681792578
2007-07-23,-0.13354376712159272
2007-07-24,-0.11235917324525757
2007-07-25,-0.11046724384332156
2007-07-26,-0.07984637972454553
2007-07-27,-0.06411047338782973
2007-07-30,-0.07829420042133112
2007-07-31,-0.06789871670128177
2007-08-01,-0.05882193781000793
2007-08-02,-0.06167460633430209
2007-08-03,-0.03906542115356253
2007-08-06,-0.051891851072328174
2007-08-07,-0.07883350539400995
2007-08-08,-0.08882373106164286
2007-08-09,-0.06713995324628434
2007-08-10,-0.05391455270681643
2007-08-13,-0.055149329008591194
2007-08-14,-0.032249507508547146
2007-08-15,-0.008226396412298543
2007-08-16,-0.013662210823632495
2007-08-17,-0.03275777688697517
2007-08-20,-0.04002797120230594
2007-08-21,-0.05909737281376887
2007-08-22,-0.0686667763637957
2007-08-23,-0.07965166292897546
2007-08-24,-0.08482797092276884
2007-08-27,-0.07154173768888844
2007-08-28,-0.04481835171739468
2007-08-29,-0.06374586003700894
2007-08-30,-0.06943322026840604
2007-08-31,-0.08490323848081277
2007-09-04,-0.09619389931039404
2007-09-05,-0.06550706329991984
2007-09-06,-0.10125049470213185
2007-09-07,-0.0838088304144256
2007-09-10,-0.08549006182986156
2007-09-11,-0.11382784139164717
2007-09-12,-0.11169022952461007
2007-09-13,-0.10482174821091128
2007-09-14,-0.10510575676402766
2007-09-17,-0.10716702569466949
2007-09-18,-0.14361910342516787
2007-09-19,-0.14707864741074586
2007-09-20,-0.1633750628345797
2007-09-21,-0.16278267543921418
2007-09-24,-0.1621742713664039
2007-09-25,-0.15524179895651427
2007-09-26,-0.18877696012331668
2007-09-27,-0.19647200719786115
2007-09-28,-0.19355778150035302
2007-10-01,-0.20146016155291002
2007-10-02,-0.21889230794712172
2007-10-03,-0.223108778729044
2007-10-04,-0.20761055478073337
2007-10-05,-0.24078597703604843
2007-10-08,-0.22948367403486275
2007-10-09,-0.24808623953312292
2007-10-10,-0.2559550255068616
2007-10-11,-0.2625444175728989
2007-10-12,-0.24357805918724101
2007-10-15,-0.22267684517060338
2007-10-16,-0.21579795254244932
2007-10-17,-0.21725265643554137
2007-10-18,-0.20224976690268687
2007-10-19,-0.17177233492919664
2007-10-22,-0.19826446616149823
2007-10-23,-0.20449211809368284
2007-10-24,-0.21908337556035679
2007-10-25,-0.19666301824159338
2007-10-26,-0.19308593077548347
2007-10-29,-0.20997544745286867
2007-10-30,-0.20834963675001086
2007-10-31,-0.22852860598997932
2007-11-01,-0.17548490784846077
2007-11-02,-0.17326707597921004
2007-11-05,-0.18304786732846917
2007-11-06,-0.17421360425827753
2007-11-07,-0.13825552875542385
2007-11-08,-0.14583122242998264
2007-11-09,-0.13510882685842723
2007-11-12,-0.11949769228047862
2007-11-13,-0.1445002782720421
2007-11-14,-0.15324730972014272
2007-11-15,-0.14928842256986602
2007-11-16,-0.14812526450895053
2007-11-19,-0.12930315935208764
2007-11-20,-0.12245671533032038
2007-11-21,-0.12401149959502293
2007-11-23,-0.1363876741617695
2007-11-26,-0.10575610818271779
2007-11-27,-0.10603388844755594
2007-11-28,-0.14786875400073946
2007-11-29,-0.15248941922658885
2007-11-30,-0.16245431935188748
2007-12-03,-0.18590672671075006
2007-12-04,-0.17530911106258645
2007-12-05,-0.1694591496105424
2007-12-06,-0.21901500507411742
2007-12-07,-0.21105548140297373
2007-12-10,-0.20450219063320046
2007-12-11,-0.17713564778093593
2007-12-12,-0.22794246263109866
2007-12-13,-0.21601074131581294
2007-12-14,-0.24687822998412795
2007-12-17,-0.1971208091639076
2007-12-18,-0.16668192508705804
2007-12-19,-0.2008690658678485
2007-12-20,-0.22329821691388324
2007-12-21,-0.2318476982488312
2007-12-24,-0.21873195374790244
2007-12-26,-0.2214994347699434
2007-12-27,-0.2792246534763441
2007-12-28,-0.24829426228341897
2007-12-31,-0.24378315357322922
2008-01-02,-0.273015100325701
2008-01-03,-0.28391899774128937
2008-01-04,-0.29509521979407116
2008-01-07,-0.3581884699708614
2008-01-08,-0.3561525155528894
2008-01-09,-0.43689349790935134
2008-01-10,-0.45961265029225223
2008-01-11,-0.34317461704891167
2008-01-14,-0.35932577198443677
2008-01-15,-0.43011984927594576
2008-01-16,-0.38525912623573016
2008-01-17,-0.3585771486964367
2008-01-18,-0.3078193869334938
2008-01-22,-0.32613768025055273
2008-01-23,-0.40477427339085575
2008-01-24,-0.40532769605202806
2008-01-25,-0.4291387084863392
2008-01-28,-0.47830096182212306
2008-01-29,-0.3816055225973332
2008-01-30,-0.3844863868731128
2008-01-31,-0.3721302686014492
2008-02-01,-0.37199256013150855
2008-02-04,-0.36535813571284914
2008-02-05,-0.2976298035162048
2008-02-06,-0.33883626083633306
2008-02-07,-0.3987176446148698
2008-02-08,-0.3661051231634514
2008-02-11,-0.38241767643459146
2008-02-12,-0.4147772410584089
2008-02-13,-0.4751787588233932
2008-02-14,-0.400269006926993
2008-02-15,-0.44493657786196117
2008-02-19,-0.4673450597699142
2008-02-20,-0.4663031558005385
2008-02-21,-0.5124404463762999
2008-02-22,-0.589489617298741
2008-02-25,-0.5452278210804624
2008-02-26,-0.4962077359948202
2008-02-27,-0.4832841311665893
2008-02-28,-0.4399788034795507
2008-02-29,-0.49457268902288687
2008-03-03,-0.4552462010166837
2008-03-04,-0.42749430248724973
2008-03-05,-0.4629146555206865
2008-03-06,-0.40514860446887335
2008-03-07,-0.3593759132789644
2008-03-10,-0.366578519792345
2008-03-11,-0.3908740028807958
2008-03-12,-0.40972279668951106
2008-03-13,-0.40637463612745356
2008-03-14,-0.39731811360308233
2008-03-17,-0.34045765399287903
2008-03-18,-0.39019880708856836
2008-03-19,-0.38683387439394007
2008-03-20,-0.41418547374638215
2008-03-24,-0.44717179187781136
2008-03-25,-0.45738854609315316
2008-03-26,-0.4372795096584789
2008-03-27,-0.4297062775999425
2008-03-28,-0.39895764634593195
2008-03-31,-0.3891295342929505
2008-04-01,-0.3936971072570514
2008-04-02,-0.3943734616920319
2008-04-03,-0.3887829479738665
2008-04-04,-0.41979234589004044
2008-04-07,-0.41741211221696095
2008-04-08,-0.4362780396078362
2008-04-09,-0.45029390634880917
2008-04-10,-0.45246167812027827
2008-04-11,-0.4663631118743623
2008-04-14,-0.4597975451647248
2008-04-15,-0.45845036254631655
2008-04-16,-0.5325455787504378
2008-04-17,-0.4910790582203125
2008-04-18,-0.5254981061762513
2008-04-21,-0.5212360723574178
2008-04-22,-0.5054854385882656
2008-04-23,-0.4973982132914305
2008-04-24,-0.46869516438712766
2008-04-25,-0.5090838093733169
2008-04-28,-0.5307157467410358
2008-04-29,-0.5284428328478321
2008-04-30,-0.5098149327652878
2008-05-01,-0.5320960544616072
2008-05-02,-0.5201834146327148
2008-05-05,-0.48793455791152934
2008-05-06,-0.4940102613331039
2008-05-07,-0.5244742277855352
2008-05-08,-0.5206609259987753
2008-05-09,-0.5142719776524529
2008-05-12,-0.5354575342029078
2008-05-13,-0.5789241817310764
2008-05-14,-0.5851428160141219
2008-05-15,-0.6065253826567039
2008-05-16,-0.6187105269132189
2008-05-19,-0.6543701557983586
2008-05-20,-0.6097586540766975
2008-05-21,-0.6007697111649308
2008-05-22,-0.6183737395040643
2008-05-23,-0.6283662394587302
2008-05-27,-0.680802262572644
2008-05-28,-0.6947951394462926
2008-05-29,-0.6752032403424648
2008-05-30,-0.7172158957979085
2008-06-02,-0.7075114539421798
2008-06-03,-0.7132140373001559
2008-06-04,-0.6524159411661772
2008-06-05,-0.6666439838391345
2008-06-06,-0.5964454501887697
2008-06-09,-0.5902153390236633
2008-06-10,-0.587122101704711
2008-06-11,-0.5451874192144868
2008-06-12,-0.5253067053665077
2008-06-13,-0.5518529682966726
2008-06-16,-0.5809274205155484
2008-06-17,-0.5048133856702004
2008-06-18,-0.5156029004823972
2008-06-19,-0.5090185805804996
2008-06-20,-0.4634842195429225
2008-06-23,-0.48152702047333507
2008-06-24,-0.5147882211910007
2008-06-25,-0.5106278568331659
2008-06-26,-0.4637647057467187
2008-06-27,-0.43059494036734747
2008-06-30,-0.42103493465706077
2008-07-01,-0.43488165894178116
2008-07-02,-0.43931765570023307
2008-07-07,-0.4202283648602206
2008-07-08,-0.39890913780142667
2008-07-09,-0.3758091362360813
2008-07-10,-0.40123920502879173
2008-07-11,-0.37871844150645667
2008-07-14,-0.35387347257441215
2008-07-15,-0.33616526418680576
2008-07-16,-0.40302847561616495
2008-07-17,-0.3955137580451034
2008-07-18,-0.4022896107926839
2008-07-21,-0.39368243730085023
2008-07-22,-0.39031526553970386
2008-07-23,-0.4058622054015862
2008-07-24,-0.3853025636967251
2008-07-25,-0.3668287761363544
2008-07-28,-0.3490885582611568
2008-07-29,-0.36535692393357666
2008-07-30,-0.34913984468511117
2008-07-31,-0.3394025441333418
2008-08-01,-0.3175970529892786
2008-08-04,-0.322604228402253
2008-08-05,-0.3256624576930223
2008-08-06,-0.3496628544152601
2008-08-07,-0.3356377477263867
2008-08-08,-0.38157353047058473
2008-08-11,-0.38208188021608974
2008-08-12,-0.3796046642310543
2008-08-13,-0.34748064028830256
2008-08-14,-0.35373631185283094
2008-08-15,-0.3642486166348465
2008-08-18,-0.3655242021178545
2008-08-19,-0.3578568672588828
2008-08-20,-0.3379836038172561
2008-08-21,-0.35768516167883796
2008-08-22,-0.35583768777656577
2008-08-25,-0.31922903159936994
2008-08-26,-0.29879461332924173
2008-08-27,-0.30557376607083914
2008-08-28,-0.33256711890334145
2008-08-29,-0.3099885287444874
2008-09-02,-0.3059137145328351
2008-09-03,-0.30701706353947317
2008-09-04,-0.27285665072871046
2008-09-05,-0.2800362104816598
2008-09-08,-0.29549434244099515
2008-09-09,-0.25907574463864563
2008-09-10,-0.28790525554090096
2008-09-11,-0.316161441732917
2008-09-12,-0.3192386674460158
2008-09-15,-0.26813505257124987
2008-09-16,-0.28266684698924127
2008-09-17,-0.26715304674578516
2008-09-18,-0.30039725061421707
2008-09-19,-0.32812332280646134
2008-09-22,-0.27234817181557847
2008-09-23,-0.25811847431748397
2008-09-24,-0.2497702134045055
2008-09-25,-0.27636741914161767
2008-09-26,-0.274100865237199
2008-09-29,-0.23100581871824954
2008-09-30,-0.260861625951319
2008-10-01,-0.2765139684031314
2008-10-02,-0.23699065335642314
2008-10-03,-0.2227150004456008
2008-10-06,-0.1898465025300732
2008-10-07,-0.10521828723155027
2008-10-08,-0.0826105041277131
2008-10-09,0.013022725573421316
2008-10-10,0.038383321288010586
2008-10-13,-0.06625156653189801
2008-10-14,-0.049470313168652566
2008-10-15,0.05067530739024408
2008-10-16,0.01151060800712559
2008-10-17,0.03563474918764269
2008-10-20,-0.005186897072238232
2008-10-21,0.027677269507504227
2008-10-22,0.08185379236368259
2008-10-23,0.06920087840091436
2008-10-24,0.11943335833943425
2008-10-27,0.15200505618801444
2008-10-28,0.06649925217534419
2008-10-29,0.07977912942735452
2008-10-30,0.047546919147784195
2008-10-31,0.026501698717311156
2008-11-03,0.04308682251540168
2008-11-04,0.004579033145398044
2008-11-05,0.04125787145858025
2008-11-06,0.10435371798681811
2008-11-07,0.08514280331539179
2008-11-10,0.08694277183253615
2008-11-11,0.08577426820597586
2008-11-12,0.14410789172484592
2008-11-13,0.08899355077388857
2008-11-14,0.1437157695922808
2008-11-17,0.18491718223493112
2008-11-18,0.17693113037992877
2008-11-19,0.236678585016985
2008-11-20,0.308240055889212
2008-11-21,0.251646574712574
2008-11-24,0.19405116664946487
2008-11-25,0.1739368398380452
2008-11-26,0.11556295638229427
2008-12-01,0.19429519603901943
2008-12-02,0.16373238086329187
2008-12-03,0.1481914734049171
2008-12-04,0.18948989622582277
2008-12-05,0.1726955486937983
2008-12-08,0.13594541519907852
2008-12-09,0.16248282006483214
2008-12-10,0.15621023585962077
2008-12-11,0.19745468537568675
2008-12-12,0.1895697849535448
2008-12-15,0.1964004556077222
2008-12-16,0.1456681415898998
2008-12-17,0.16160704089152964
2008-12-18,0.1716761531895535
2008-12-19,0.17218243112285977
2008-12-22,0.18294065266716272
2008-12-23,0.20856367254622507
2008-12-26,0.19518631962099894
2008-12-29,0.1929915049390679
2008-12-30,0.14580285715588873
2008-12-31,0.12822314333922222
2009-01-02,0.11094053861877201
2009-01-05,0.12643056781269216
2009-01-06,0.1223708460192542
2009-01-07,0.1608368411624422
2009-01-08,0.16277077235157106
2009-01-09,0.19016965322801216
2009-01-12,0.2101240468642837
2009-01-13,0.2257224084217263
2009-01-14,0.2620915707059797
2009-01-15,0.2522809876512919
2009-01-16,0.2538507454473508
2009-01-20,0.3032031889377774
2009-01-21,0.2505993130568965
2009-01-22,0.27716629756930145
2009-01-23,0.26267522616558353
2009-01-26,0.24320349475961478
2009-01-27,0.22896371493467976
2009-01-28,0.176058422352112
2009-01-29,0.23031084851382516
2009-01-30,0.22465154736646087
2009-02-02,0.2330010634725279
2009-02-03,0.22139038484129375
2009-02-04,0.2284282504584089
2009-02-05,0.23218551551661104
2009-02-06,0.2071644046768187
2009-02-09,0.22806809972238246
2009-02-10,0.2763872718693787
2009-02-11,0.2743663867070459
2009-02-12,0.26394945677789405
2009-02-13,0.27982286980696797
2009-02-17,0.33823337253681784
2009-02-18,0.341163666487375
2009-02-19,0.35129347190623184
2009-02-20,0.34962655285567495
2009-02-23,0.3812946903838714
2009-02-24,0.35720157865939123
2009-02-25,0.36597901026062696
2009-02-26,0.3858834340053891
2009-02-27,0.3948365031179375
2009-03-02,0.45292904289871544
2009-03-03,0.46311912268941124
2009-03-04,0.43095291683751763
2009-03-05,0.47775395540642096
2009-03-06,0.47547815722853565
2009-03-09,0.475792819896781
2009-03-10,0.41887531263926764
2009-03-11,0.4202160917589628
2009-03-12,0.38609563835924915
2009-03-13,0.3844321183552303
2009-03-16,0.38013993817180464
2009-03-17,0.35512071661670497
2009-03-18,0.319800995463224
2009-03-19,0.33281537786938087
2009-03-20,0.3714109529935498
2009-03-23,0.30625059953386313
2009-03-24,0.32782037573690165
2009-03-25,0.3253013999887252
2009-03-26,0.3015750825600076
2009-03-27,0.3192651293728823
2009-03-30,0.3466048020611881
2009-03-31,0.35237589247693446
2009-04-01,0.33731777215333286
2009-04-02,0.3084117801526113
2009-04-03,0.3031188408319155
2009-04-06,0.31577424985956326
2009-04-07,0.33961734213440814
2009-04-08,0.3193539579483279
2009-04-09,0.28886328640435505
2009-04-13,0.2909115878155091
2009-04-14,0.29849260966737606
2009-04-15,0.2986340771051482
2009-04-16,0.2739654535427907
2009-04-17,0.24799765854697256
2009-04-20,0.26807835811926245
2009-04-21,0.25370562888419734
2009-04-22,0.2561715836021055
2009-04-23,0.25179169142347924
2009-04-24,0.2239344744542579
2009-04-27,0.22387240175487377
2009-04-28,0.24157285643499726
2009-04-29,0.23267153306121022
2009-04-30,0.2275027095765678
2009-05-01,0.19063741663682557
2009-05-04,0.15945155838006073
2009-05-05,0.15568871404525078
2009-05-06,0.1510590572445247
2009-05-07,0.1632409500504403
2009-05-08,0.14964940930061874
2009-05-11,0.1682859559391843
2009-05-12,0.18678882690409956
2009-05-13,0.21649831648970067
2009-05-14,0.21468616583155073
2009-05-15,0.2253273047899154
2009-05-18,0.19641114003667723
2009-05-19,0.19426057670355915
2009-05-20,0.19957916070718337
2009-05-21,0.21538206440117239
2009-05-22,0.22790064105540989
2009-05-26,0.2054162827916595
2009-05-27,0.22396896199720276
2009-05-28,0.21334261817915404
2009-05-29,0.20992385451904141
2009-06-01,0.1869318586245224
2009-06-02,0.18749553038706104
2009-06-03,0.20482090520776672
2009-06-04,0.19894334716098563
2009-06-05,0.19932449137365146
2009-06-08,0.2022051063862588
2009-06-09,0.20623343910823053
2009-06-10,0.21504426469438512
2009-06-11,0.20903727299584215
2009-06-12,0.19844327563520006
2009-06-15,0.22699708720706455
2009-06-16,0.24693943962352807
2009-06-17,0.24309228439700367
2009-06-18,0.23418517415103338
2009-06-19,0.23734471947982635
2009-06-22,0.2722945663407608
2009-06-23,0.2717571182320947
2009-06-24,0.2599894967832745
2009-06-25,0.2459094946969246
2009-06-26,0.25875721565604504
2009-06-29,0.2436058007731031
2009-06-30,0.25538595881523946
2009-07-01,0.25732196895760195
2009-07-02,0.2865358826516146
2009-07-06,0.2870931926101703
2009-07-07,0.318006235640199
2009-07-08,0.3204889894075852
2009-07-09,0.3017559978259225
2009-07-10,0.3085820806544075
2009-07-13,0.29265473240730416
2009-07-14,0.2849436323314266
2009-07-15,0.2593532614002067
2009-07-16,0.2568304246643993
2009-07-17,0.253172656345468
2009-07-20,0.21845113486032056
2009-07-21,0.22146853589115767
2009-07-22,0.23416848033444468
2009-07-23,0.19505702703632583
2009-07-24,0.20401452485853858
2009-07-27,0.17743259343880002
2009-07-28,0.17422485115916195
2009-07-29,0.14464515016504612
2009-07-30,0.11904351633800224
2009-07-31,0.16101653742265526
2009-08-03,0.14175077616937448
2009-08-04,0.1526948828799795
2009-08-05,0.14357104478417715
2009-08-06,0.13088645558196105
2009-08-07,0.11823457240053081
2009-08-10,0.10621476375069609
2009-08-11,0.11424475438166401
2009-08-12,0.07803845028498725
2009-08-13,0.05747339697654468
2009-08-14,0.0669625255197068
2009-08-17,0.08648875523116274
2009-08-18,0.10919248932039466
2009-08-19,0.08882882075855968
2009-08-20,0.061525703144471304
2009-08-21,0.06840229553283618
2009-08-24,0.07154783704208399
2009-08-25,0.03516415650841892
2009-08-26,0.021645047528168444
2009-08-27,0.029159570126784586
2009-08-28,0.054185098564676286
2009-08-31,0.0674573864501974
2009-09-01,0.08909484355752231
2009-09-02,0.11410135224202549
2009-09-03,0.10540724867769963
2009-09-04,0.09823438805584644
2009-09-08,0.08298766400438945
2009-09-10,0.06080257072107415
2009-09-11,0.044464479999407676
2009-09-14,0.03559902665266019
2009-09-15,0.015328254502196055
2009-09-16,0.004844756789258171
2009-09-17,0.0021178520915630748
2009-09-18,-0.0244320210840308
2009-09-21,-0.03193371639739689
2009-09-22,-0.042043418757936414
2009-09-23,-0.038453597567292296
2009-09-24,-0.021699156558248285
2009-09-25,0.014449797850023875
2009-09-28,0.007324821589942868
2009-09-29,0.016977685582004656
2009-09-30,0.021969202836250624
2009-10-01,0.06177351056988556
2009-10-02,0.06596069271813906
2009-10-05,0.05208460174728595
2009-10-06,0.00988939596784644
2009-10-07,0.013653964097023984
2009-10-08,0.016067679365643836
2009-10-09,-0.002163125424172513
2009-10-12,0.015168858553333352
2009-10-13,0.02607949913862899
2009-10-14,0.019545995766228848
2009-10-15,0.016127545844566073
2009-10-16,0.016740142681771528
2009-10-19,0.003937633651880382
2009-10-20,0.008499187803635531
2009-10-21,0.04049037513288055
2009-10-22,0.025249581525215184
2009-10-23,0.043403135606609064
2009-10-26,0.05373430139728071
2009-10-27,0.05397492028011518
2009-10-28,0.07808662285510128
2009-10-29,0.051867599321615596
2009-10-30,0.05207677237768622
2009-11-02,0.039476453572090724
2009-11-03,0.03327552127756463
2009-11-04,0.03094530284169788
2009-11-05,0.024355933287107133
2009-11-06,0.023608664059928005
2009-11-09,-0.01632585430905706
2009-11-10,-0.019670468716458108
2009-11-11,-0.028621688668311294
2009-11-12,-0.033222507411077566
2009-11-13,-0.03517168658374544
2009-11-16,-0.056438893961327445
2009-11-17,-0.04146528409916663
2009-11-18,-0.055846436307041884
2009-11-19,-0.04235646279872126
2009-11-20,-0.010443618678925804
2009-11-23,-0.013659092381797468
2009-11-24,-0.0011804449659382121
2009-11-25,-0.016567272009420354
2009-11-30,0.0036667736653131795
2009-12-01,-0.0037582981056085082
2009-12-02,0.0007879225035889839
2009-12-03,0.01973060295062325
2009-12-04,0.013460624606638653
2009-12-07,0.019563848848627132
2009-12-08,0.03013788440237869
2009-12-09,0.021615560553808786
2009-12-10,0.030668319794819328
2009-12-11,0.02378176788449547
2009-12-14,0.012710652210509668
2009-12-15,0.009573068941892962
2009-12-16,0.02824226060707049
2009-12-17,0.035838141035776205
2009-12-18,0.03891438655399224
2009-12-21,0.026840068427899946
2009-12-22,0.020047965089277465
2009-12-23,0.02245041479800733
2009-12-28,0.00806435149302388
2009-12-29,0.02928156478305493
2009-12-30,0.0295456886913231
2009-12-31,0.03766668507524153
2010-01-04,0.02723021488457362
2010-01-05,0.025143345188697316
2010-01-06,0.02747170214895027
2010-01-07,0.030837824150581207
2010-01-08,0.024118228697575874
2010-01-11,0.024678959940874948
2010-01-12,0.04098416205706024
2010-01-13,0.01721873267348278
2010-01-14,0.024423363752278146
2010-01-15,0.037169649437190394
2010-01-19,0.027292553515099474
2010-01-20,0.04018067668795133
2010-01-21,0.05985081591025769
2010-01-22,0.07938164438723513
2010-01-25,0.07482192155231585
2010-01-26,0.0798531191540339
2010-01-27,0.07515646675692664
2010-01-28,0.09457219503970579
2010-01-29,0.10938692117501689
2010-02-01,0.11307529461369506
2010-02-02,0.10481440714735787
2010-02-03,0.10776211782991721
2010-02-04,0.13163639883059572
2010-02-05,0.1336571245702929
2010-02-08,0.13735490491403665
2010-02-09,0.11332864452481753
2010-02-10,0.11396053350033816
2010-02-11,0.08776534187328358
2010-02-12,0.08884819412118147
2010-02-16,0.08810992013623334
2010-02-17,0.08569919332122541
2010-02-18,0.07894705380457293
2010-02-19,0.06241347955722341
2010-02-22,0.07712817610030279
2010-02-24,0.07166102737847699
2010-02-25,0.06685783990573094
2010-02-26,0.08759790711291528
2010-03-01,0.09006662598961562
2010-03-02,0.08995443843382155
2010-03-03,0.08860926480580547
2010-03-04,0.08902534785256695
2010-03-05,0.07896820524273884
2010-03-08,0.08455772945202471
2010-03-09,0.08350340789129437
2010-03-10,0.07977413675680413
2010-03-11,0.07108672790359277
2010-03-12,0.07681621382206548
2010-03-15,0.07255419301052882
2010-03-16,0.06681314470658224
2010-03-17,0.0669835916460706
2010-03-18,0.07089557338940437
2010-03-19,0.078638166705954
2010-03-22,0.07377429319762364
2010-03-23,0.068007577431548
2010-03-24,0.07387748163042039
2010-03-25,0.07407896507472736
2010-03-26,0.07414726955694657
2010-03-29,0.07846130865434729
2010-03-30,0.07720567547282266
2010-03-31,0.08576558819884621
2010-04-01,0.07713762900473237
2010-04-06,0.06475032266284171
2010-04-07,0.06913058451619988
2010-04-08,0.069284725548984
2010-04-09,0.07185368721534868
2010-04-12,0.0685746456208255
2010-04-13,0.07481303907351547
2010-04-14,0.06551352797757996
2010-04-15,0.05463458799517101
2010-04-16,0.06947049232562504
2010-04-19,0.06791956052106293
2010-04-20,0.06478816469373959
2010-04-21,0.06704177272497192
2010-04-22,0.06816370883051849
2010-04-23,0.0640673695555625
2010-04-26,0.049850659171974995
2010-04-27,0.08142821802142147
2010-04-28,0.09011040402872066
2010-04-29,0.0755490632875502
2010-04-30,0.09482726138019328
2010-05-03,0.08469933194513968
2010-05-04,0.11480511097830058
2010-05-05,0.12540100008900731
2010-05-06,0.1572097804811043
2010-05-07,0.17214642197790844
2010-05-10,0.13526293414983626
2010-05-11,0.1403169205447031
2010-05-12,0.12330759511846841
2010-05-13,0.1420754647222955
2010-05-14,0.16343643952901177
2010-05-17,0.16514927786341269
2010-05-18,0.1522546841406371
2010-05-19,0.1571064141154989
2010-05-21,0.19234708322875382
2010-05-24,0.21088865692589906
2010-05-25,0.1931356558262598
2010-05-26,0.20142028431333805
2010-05-27,0.18533771563764329
2010-05-28,0.19048994667163963
2010-06-01,0.19962729813571287
2010-06-02,0.18266585239109043
2010-06-03,0.17779654744251924
2010-06-04,0.19399906652610263
2010-06-07,0.21431469351806717
2010-06-08,0.19791876417262586
2010-06-10,0.1627326959280558
2010-06-11,0.13930684252764844
2010-06-14,0.15358247583489323
2010-06-15,0.13106245664654212
2010-06-16,0.14634800768752107
2010-06-17,0.14137975318436788
2010-06-18,0.14791412966130787
2010-06-21,0.1603956770937571
2010-06-22,0.17983343908319602
2010-06-23,0.1806413691201025
2010-06-24,0.20386557684684967
2010-06-25,0.2065780674113766
2010-06-28,0.2085441786544747
2010-06-29,0.24411944099758198
2010-06-30,0.25500230281539643
2010-07-01,0.25848268284059844
2010-07-02,0.2670002904824466
2010-07-06,0.25841855804236863
2010-07-07,0.2237721726096886
2010-07-08,0.2035413053817433
2010-07-09,0.1961701273098926
2010-07-12,0.19614738177290975
2010-07-13,0.18484703164237945
2010-07-14,0.173544341491358
2010-07-15,0.178756436656648
2010-07-16,0.22068893491853664
2010-07-19,0.2184666852150274
2010-07-20,0.21627315543347436
2010-07-21,0.23554014671408477
2010-07-22,0.2170245154921559
2010-07-23,0.21084940806716887
2010-07-26,0.19874257997828573
2010-07-27,0.19538280131532867
2010-07-28,0.1952837473927416
2010-07-29,0.19102181033640706
2010-07-30,0.19519943150417154
2010-08-02,0.17716661865685837
2010-08-03,0.190506574348179
2010-08-04,0.1714880390296141
2010-08-05,0.17899349347558627
2010-08-06,0.17523148406622105
2010-08-09,0.16366686088254637
2010-08-10,0.16877951575812158
2010-08-11,0.20563155683359105
2010-08-12,0.2139496460761783
2010-08-13,0.1973567725826523
2010-08-16,0.1969629163948781
2010-08-17,0.18805527285551307
2010-08-18,0.19077252827698923
2010-08-19,0.21214686769730898
2010-08-20,0.22577434904793428
2010-08-23,0.20691879260353074
2010-08-24,0.2203674617549429
2010-08-25,0.20708689993368606
2010-08-26,0.2033312857449713
2010-08-27,0.1869802303738245
2010-08-30,0.1974237753042228
2010-08-31,0.2045780701284075
2010-09-01,0.16137279923956507
2010-09-02,0.15317445562983933
2010-09-03,0.15276286839869588
2010-09-07,0.14619043565086426
2010-09-08,0.14163318894285717
2010-09-09,0.1349682126096493
2010-09-10,0.1350205785000483
2010-09-13,0.13756291735849274
2010-09-14,0.13214579399127005
2010-09-15,0.12549410842859965
2010-09-16,0.11391819050301019
2010-09-17,0.12779459824564426
2010-09-20,0.12560680001082627
2010-09-21,0.1363529917228442
2010-09-22,0.15067971211642325
2010-09-23,0.17352366583923562
2010-09-24,0.1524377933917013
2010-09-27,0.15818763914788764
2010-09-28,0.16507236482380613
2010-09-29,0.15998525257180563
2010-09-30,0.1446301657996865
2010-10-01,0.1359309339282676
2010-10-04,0.14698183883519308
2010-10-05,0.12004185455907962
2010-10-06,0.12594450295974338
2010-10-07,0.11880873973575112
2010-10-08,0.12932385932081822
2010-10-11,0.12781059532889477
2010-10-12,0.1384148541957684
2010-10-13,0.13151877127369727
2010-10-14,0.12948914528539676
2010-10-15,0.12383894070148421
2010-10-18,0.09612172434791547
2010-10-19,0.1087039600059927
2010-10-20,0.09206955915553258
2010-10-21,0.08572835789653714
2010-10-22,0.057834650708795905
2010-10-25,0.06064891759209586
2010-10-26,0.012020765996920178
2010-10-27,0.013310491001648926
2010-10-28,-0.054240497242105494
2010-10-29,-0.010144629532653476
2010-11-01,-0.05493807012340776
2010-11-02,-0.01881549083973174
2010-11-03,-0.015959535188328
2010-11-04,-0.013676464156131492
2010-11-05,-0.026496681381908787
2010-11-08,-0.02410594093295129
2010-11-09,-0.060212094242608774
2010-11-10,-0.08085010495886225
2010-11-11,-0.07663239519153307
2010-11-12,-0.031937267818686534
2010-11-15,-0.01695805163757044
2010-11-16,-0.016269123143852603
2010-11-17,-0.002717061724917868
2010-11-18,0.010845292050496847
2010-11-19,0.010729595290958816
2010-11-22,0.016447427922737325
2010-11-23,0.020398110395460897
2010-11-24,-0.020365875834877263
2010-11-29,-0.019032633138255317
2010-11-30,0.014470683002105533
2010-12-01,-0.01703882177962692
2010-12-02,-0.056436987683528284
2010-12-03,-0.060196086128139294
2010-12-07,-0.042915428895449984
2010-12-08,-0.032653731135009405
2010-12-09,-0.019669093260646666
2010-12-10,-0.024680834500354853
2010-12-13,-0.035250177196208855
2010-12-14,-0.037171391097720566
2010-12-15,-0.0634880569827062
2010-12-16,-0.1006838091022403
2010-12-17,-0.09141827280093445
2010-12-20,-0.07022938919816955
2010-12-21,-0.06479620453817893
2010-12-22,-0.08891720352794334
2010-12-23,-0.07993137566382277
2010-12-27,-0.10527969978734543
2010-12-28,-0.13568969626034927
2010-12-29,-0.11393338730812431
2010-12-30,-0.09464964277542738
2010-12-31,-0.07695703858172011
2011-01-03,-0.09414028338923047
2011-01-04,-0.06023413713306235
2011-01-05,-0.06466431599308435
2011-01-06,-0.05411237229978969
2011-01-07,-0.054053583969394775
2011-01-10,-0.035752634415605354
2011-01-11,-0.059766331671542786
2011-01-12,-0.0482186642047407
2011-01-13,-0.05866924132256757
2011-01-14,-0.061493434816641095
2011-01-18,-0.04437206437995932
2011-01-19,-0.02173017767801081
2011-01-20,-0.040998479349400235
2011-01-21,-0.03277640357171565
2011-01-24,-0.0049376826397969495
2011-01-25,-0.004697258965885136
2011-01-26,-0.03362893233709812
2011-01-27,-0.06380292439203299
2011-01-28,-0.029778583110623348
2011-01-31,-0.019433801319961225
2011-02-01,-0.042528302391745196
2011-02-02,-0.033176765402172244
2011-02-03,-0.022855402447081532
2011-02-04,-0.06340709616160665
2011-02-07,-0.0603362415505992
2011-02-08,-0.04585961854083567
2011-02-09,-0.05318289172597856
2011-02-10,-0.048542298918286056
2011-02-11,-0.07056616235554228
2011-02-14,-0.08899974877438854
2011-02-15,-0.0868014373045773
2011-02-16,-0.1119597186819127
2011-02-17,-0.11944110904032035
2011-02-18,-0.14360194757381514
2011-02-23,-0.09064114176431498
2011-02-24,-0.08719920962553987
2011-02-25,-0.05618395184073964
2011-02-28,-0.06367616640277735
2011-03-01,-0.047779410029405625
2011-03-02,-0.0391163754499637
2011-03-03,-0.05552170063384322
2011-03-04,-0.044833134604275
2011-03-07,-0.058411573900910285
2011-03-08,-0.05079844742079839
2011-03-09,-0.06418733965871025
2011-03-10,-0.054556594781590584
2011-03-11,-0.07236703618308261
2011-03-14,-0.06275642157974773
2011-03-15,-0.05595999701471337
2011-03-16,-0.04796806255395242
2011-03-17,-0.031011853233399913
2011-03-18,-0.028899243439663096
2011-03-21,-0.03496720315284464
2011-03-22,-0.022981828273396936
2011-03-23,-0.02508567837035231
2011-03-24,-0.04713347159944145
2011-03-25,-0.040262361444992845
2011-03-28,-0.04250712453191721
2011-03-29,-0.033358426754219975
2011-03-30,-0.03917692566338282
2011-03-31,-0.034852499626218045
2011-04-01,-0.04160032031467853
2011-04-04,-0.040318568919384803
2011-04-05,-0.031229408413662316
2011-04-06,-0.03379718066844988
2011-04-07,-0.029270185374051082
2011-04-08,-0.03046287313698923
2011-04-12,-0.01661585541791521
2011-04-13,-0.0054293810068296745
2011-04-14,-0.0009280155452265137
2011-04-15,-0.004113916854826481
2011-04-18,0.006700907976794717
2011-04-19,0.009381212671644842
2011-04-20,-0.009529061953487905
2011-04-25,-0.014301368100775333
2011-04-26,-0.025951283368883454
2011-04-27,-0.03295669309685928
2011-04-28,-0.027431698571415596
2011-04-29,-0.028231763204369566
2011-05-02,-0.012585747551156202
2011-05-03,-0.009690285929386266
2011-05-04,0.0021917481769138346
2011-05-05,0.012572994433263266
2011-05-06,0.0011264881397209207
2011-05-09,0.004409631183853752
2011-05-10,-0.005199724536118892
2011-05-11,0.0022440303650453665
2011-05-12,0.008557804923361233
2011-05-13,0.017304699254983836
2011-05-16,0.024103479944738458
2011-05-17,0.020919694032990543
2011-05-18,0.01652740077713003
2011-05-19,0.016196022130277557
2011-05-23,0.03759389381260347
2011-05-24,0.04136682074629042
2011-05-25,0.03330660823973026
2011-05-26,0.034830913523681895
2011-05-27,0.027839619429322053
2011-05-31,0.013535233553730807
2011-06-01,0.021297617035850494
2011-06-02,0.029532605516877402
2011-06-03,0.04916454965135532
2011-06-06,0.06367493758806723
2011-06-07,0.06454001250432657
2011-06-08,0.08660106751134432
2011-06-09,0.07803069713800216
2011-06-10,0.0977184982837133
2011-06-13,0.09392191426519787
2011-06-14,0.0851898917350584
2011-06-15,0.10006870010845927
2011-06-16,0.09630039321295318
2011-06-17,0.09092296923579142
2011-06-20,0.08911071380636458
2011-06-21,0.08941410186714806
2011-06-22,0.09244970456953554
2011-06-23,0.09023544050976136
2011-06-24,0.10029013304307698
2011-06-27,0.09521712573208153
2011-06-28,0.08979004468382248
2011-06-29,0.07725571583100126
2011-06-30,0.05778188858515626
2011-07-01,0.04269019212729074
2011-07-05,0.032177644123483715
2011-07-06,0.01394739719582148
2011-07-07,0.011356909395717575
2011-07-08,0.03196569207811848
2011-07-11,0.03807066218744884
2011-07-12,0.04159666518304191
2011-07-13,0.0532189368404994
2011-07-14,0.05671903737209478
2011-07-15,0.04448470899692569
2011-07-18,0.05443163315979221
2011-07-19,0.029774740006371467
2011-07-20,0.03424509725378936
2011-07-21,0.03403101764282565
2011-07-22,0.04030984872634504
2011-07-25,0.04771296164244383
2011-07-26,0.04739009040111886
2011-07-27,0.07442073083759444
2011-07-28,0.07454832438468174
2011-07-29,0.07380763307809542
2011-08-01,0.061592615932875384
2011-08-02,0.08815862652154716
2011-08-03,0.07843115826443399
2011-08-04,0.12101078550171088
2011-08-05,0.12460430387621434
2011-08-08,0.1885264975348106
2011-08-09,0.1331471311921383
2011-08-10,0.17161056182820278
2011-08-11,0.12389561480508568
2011-08-12,0.10192322235001088
2011-08-15,0.07272722440133261
2011-08-16,0.09835999974913597
2011-08-17,0.09877522634844774
2011-08-18,0.14353635808474785
2011-08-19,0.16187684857184856
2011-08-22,0.1582683273823809
2011-08-23,0.13747719783614112
2011-08-24,0.10941109527515012
2011-08-25,0.12254656518925494
2011-08-26,0.08275998925640664
2011-08-29,0.05411837391324062
2011-08-30,0.05860659012540739
2011-08-31,0.07640789477534961
2011-09-01,0.08739668658216193
2011-09-02,0.12139841761270731
2011-09-06,0.11601334189712642
2011-09-07,0.09977907520193796
2011-09-08,0.10364572204753408
2011-09-09,0.14082806040590345
2011-09-12,0.14667297354447684
2011-09-13,0.1321064429247657
2011-09-14,0.12774850882505018
2011-09-15,0.10908780959295605
2011-09-16,0.08580040049889714
2011-09-19,0.10336795703657231
2011-09-20,0.08809498415202743
2011-09-21,0.12413953581639536
2011-09-22,0.16471462866746667
2011-09-23,0.15641774027494393
2011-09-26,0.15819822765043245
2011-09-27,0.14889988245854727
2011-09-28,0.17205545920474824
2011-09-29,0.15502812103135785
2011-09-30,0.178459693139273
2011-10-03,0.19898853044682902
2011-10-04,0.17647101311125024
2011-10-05,0.1539892288383971
2011-10-06,0.15221441025450622
2011-10-07,0.15706061583079317
2011-10-10,0.13097096362026128
2011-10-11,0.13745337630541382
2011-10-12,0.13120687080189808
2011-10-13,0.1240387523793806
2011-10-14,0.09697783216602363
2011-10-17,0.11188934711215676
2011-10-18,0.08822547906845912
2011-10-19,0.11631370080639564
2011-10-20,0.13064459974035658
2011-10-21,0.11172968127347987
2011-10-24,0.09298105967560821
2011-10-25,0.11172360651046939
2011-10-26,0.09430659417068216
2011-10-27,0.08040350087660722
2011-10-28,0.08179190039962203
2011-10-31,0.11160170093544983
2011-11-01,0.1390965809230792
2011-11-02,0.12524636132095282
2011-11-03,0.10888940935034025
2011-11-04,0.11552702344228336
2011-11-07,0.10837315811583315
2011-11-08,0.09690934763507422
2011-11-09,0.14198652348604718
2011-11-10,0.13398410235843414
2011-11-11,0.11500864307205438
2011-11-14,0.12164487100825441
2011-11-15,0.11693817699068959
2011-11-16,0.12496179066324561
2011-11-17,0.14711745720993874
2011-11-18,0.14814032293208593
2011-11-21,0.1661233562915861
2011-11-22,0.16394620277539648
2011-11-23,0.19053039001372152
2011-11-28,0.16305474852149712
2011-11-29,0.1597368302390943
2011-11-30,0.13818864126953348
2011-12-01,0.14360087055196713
2011-12-02,0.13885594286452504
2011-12-05,0.13059318673787285
2011-12-06,0.13318757468806056
2011-12-07,0.14558522049763878
2011-12-08,0.17116764029096596
2011-12-09,0.15160324964432031
2011-12-12,0.16550607475301352
2011-12-13,0.17511421534838534
2011-12-14,0.1860382901516726
2011-12-15,0.17666571383928104
2011-12-16,0.17946832921604652
2011-12-19,0.18003356495202827
2011-12-20,0.144535526678344
2011-12-21,0.15210079385842873
2011-12-22,0.13810553091409442
2011-12-23,0.13228412116196359
2011-12-27,0.13257227675837532
2011-12-28,0.14924900765185933
2011-12-29,0.14669099899711271
2011-12-30,0.15128976525456822
2012-01-03,0.13198940524112182
2012-01-04,0.12102059525424914
2012-01-05,0.11190745909820042
2012-01-06,0.11476980660546783
2012-01-09,0.10927618033727864
2012-01-10,0.10870607553800084
2012-01-11,0.1183436901482846
2012-01-12,0.12041451307447788
2012-01-13,0.12295073568067598
2012-01-17,0.10239761001742555
2012-01-18,0.09166934436565587
2012-01-19,0.07225549072118827
2012-01-20,0.06895911403167125
2012-01-24,0.0723924954987575
2012-01-25,0.06338822874009574
2012-01-26,0.07933330655103447
2012-01-27,0.07103071644695223
2012-01-30,0.07621499949135538
2012-01-31,0.08448878448771686
2012-02-01,0.052684062788577006
2012-02-02,0.03899915174827365
2012-02-03,0.02590711613440489
2012-02-06,0.027393203437682135
2012-02-08,0.018738562796813713
2012-02-09,0.003670787653804084
2012-02-10,0.009093295094590493
2012-02-13,0.007269179282283015
2012-02-14,0.02790290714907829
2012-02-15,0.03333157045875755
2012-02-16,0.022558639053641492
2012-02-17,0.03298600175294303
2012-02-21,0.02756976593630704
2012-02-22,0.0385644750373756
2012-02-23,0.03875199752029323
2012-02-24,0.03625003598403395
2012-02-27,0.030338732234412226
2012-02-28,0.025552188556900543
2012-02-29,0.03234011263653607
2012-03-01,0.029755936332262742
2012-03-02,0.03577163953781196
2012-03-05,0.04031286015395366
2012-03-06,0.0619750184804956
2012-03-07,0.055361827747836614
2012-03-08,0.039668620064939104
2012-03-09,0.031821286923356173
2012-03-12,0.043450199609271205
2012-03-13,0.036436136404135774
2012-03-14,0.030091535325667308
2012-03-15,0.030236052571390365
2012-03-16,0.016845868397283713
2012-03-19,0.005603216831831917
2012-03-20,0.007466678704516845
2012-03-21,-0.0021934805072518207
2012-03-22,0.022424555660716376
2012-03-23,0.04428865097070068
2012-03-26,0.028349020134295487
2012-03-27,0.03568830486801348
2012-03-28,0.03781854709124143
2012-03-29,0.03661435646376327
2012-03-30,0.03544676880123567
2012-04-02,0.03572800465426462
2012-04-03,0.03971499106792418
2012-04-04,0.04889618740628217
2012-04-05,0.050045469500986144
2012-04-09,0.06120050106217237
2012-04-10,0.08454832631225517
2012-04-11,0.07913002107966258
2012-04-12,0.07096111107649788
2012-04-13,0.08481075043483713
2012-04-16,0.08584820309660857
2012-04-17,0.07639080000208173
2012-04-18,0.07872338793131156
2012-04-19,0.08911371220836764
2012-04-20,0.08373094937374737
2012-04-23,0.09004805656283718
2012-04-24,0.09594794985649822
2012-04-25,0.07112736047923152
2012-04-26,0.07431676157153423
2012-04-27,0.07312198218899216
2012-04-30,0.07590081327659497
2012-05-01,0.07500251305062183
2012-05-02,0.07766732638168246
2012-05-03,0.08694470432499743
2012-05-04,0.10426399360979154
2012-05-07,0.10444915637582797
2012-05-08,0.10756622205917622
2012-05-09,0.12064180124608428
2012-05-10,0.10603290661799818
2012-05-11,0.1030996215523396
2012-05-14,0.12355558388653971
2012-05-15,0.11047829334264778
2012-05-16,0.12095918095972667
2012-05-17,0.1485676126071538
2012-05-18,0.15483303272429852
2012-05-21,0.14138119280596864
2012-05-22,0.1452509482652872
2012-05-23,0.15345777364646299
2012-05-24,0.1528913110409921
2012-05-25,0.1576738326916393
2012-05-29,0.14998904877944655
2012-05-30,0.1681777839528539
2012-05-31,0.16811093157416637
2012-06-01,0.1950125212309206
2012-06-04,0.20076085743209213
2012-06-05,0.18804197961056873
2012-06-06,0.15983341993996095
2012-06-07,0.15729639043604238
2012-06-08,0.15600400359556518
2012-06-11,0.1677910750116161
2012-06-12,0.1527650300141005
2012-06-13,0.1668991628349734
2012-06-14,0.15625411720209534
2012-06-15,0.15470024018722456
2012-06-18,0.1487093330709483
2012-06-19,0.1440268300844531
2012-06-20,0.13551430578449336
2012-06-21,0.1620182747307523
2012-06-22,0.15011370046777944
2012-06-25,0.1731302765758393
2012-06-26,0.1713467236843353
2012-06-27,0.17458633868452073
2012-06-28,0.18076560594531216
2012-06-29,0.15316576082044192
2012-07-02,0.1273951641985738
2012-07-05,0.13964842169740155
2012-07-06,0.13427557486130468
2012-07-09,0.1297349058522826
2012-07-10,0.1467118079914295
2012-07-11,0.1512868644972969
2012-07-12,0.1662770470738276
2012-07-13,0.1506302587250649
2012-07-16,0.15695354713473345
2012-07-17,0.14816018369879702
2012-07-18,0.1476411493139795
2012-07-19,0.14743929336574207
2012-07-20,0.14782212816052326
2012-07-23,0.1667911369713549
2012-07-24,0.18253741634221315
2012-07-25,0.18820151456589357
2012-07-26,0.17709731011990787
2012-07-27,0.1603076723419095
2012-07-30,0.16369607108330803
2012-07-31,0.17038030911225582
2012-08-01,0.18256927600915465
2012-08-02,0.19453577792302368
2012-08-03,0.17038063561585656
2012-08-06,0.17818839328778519
2012-08-07,0.17317660109981717
2012-08-08,0.17479345747859532
2012-08-09,0.16492672394128136
2012-08-10,0.16045197764214164
2012-08-13,0.16015373235910982
2012-08-14,0.1660313982452446
2012-08-15,0.15846763015900553
2012-08-16,0.1546469563917387
2012-08-17,0.1388098185390049
2012-08-20,0.1444049812840461
2012-08-21,0.1283618766798412
2012-08-22,0.13699126363029174
2012-08-23,0.1577789386846842
2012-08-24,0.15165801868431328
2012-08-27,0.14135680362414457
2012-08-28,0.13391123914270214
2012-08-30,0.1555038936126251
2012-08-31,0.14461285664166834
2012-09-04,0.15341581207184088
2012-09-05,0.16181974551025585
2012-09-06,0.12792920819045436
2012-09-07,0.09868314715926395
2012-09-10,0.10233814142991648
2012-09-11,0.0869223217069044
2012-09-12,0.09347543105054194
2012-09-13,0.09365624310634886
2012-09-14,0.0846278474233205
2012-09-17,0.09425996635876896
2012-09-18,0.09415932580347727
2012-09-19,0.10490893440815516
2012-09-20,0.11042161023414762
2012-09-21,0.12332235354846141
2012-09-24,0.12552195756022785
2012-09-25,0.1494101557806723
2012-09-26,0.15608564674688666
2012-09-27,0.15000556158509498
2012-09-28,0.15125841532904036
2012-10-01,0.15099568597863638
2012-10-02,0.1554570805195993
2012-10-03,0.15315506042430327
2012-10-04,0.14768273642208105
2012-10-05,0.14591114406531264
2012-10-08,0.1454600659297021
2012-10-09,0.15783138857389012
2012-10-10,0.16519486774451783
2012-10-11,0.161412002521296
2012-10-12,0.16492674317215342
2012-10-15,0.15712128963581073
2012-10-16,0.15866355121222242
2012-10-17,0.15598244029048924
2012-10-18,0.15689951697697324
2012-10-19,0.16845468290320098
2012-10-22,0.1647982767858146
2012-10-23,0.18252055367083786
2012-10-24,0.1824254452737918
2012-10-25,0.17834668369707818
2012-10-26,0.18197739768897592
2012-11-01,0.16603381486404994
2012-11-02,0.16113283127468536
2012-11-05,0.1558217747176111
2012-11-06,0.14173178727382563
2012-11-07,0.16946356965810422
2012-11-08,0.17537257847029442
2012-11-09,0.18323574493396982
2012-11-12,0.18601981467586504
2012-11-13,0.1857044245711464
2012-11-14,0.18325213798009887
2012-11-15,0.18860260050913452
2012-11-16,0.18472019722472888
2012-11-19,0.161712961476352
2012-11-20,0.1658553277866679
2012-11-21,0.1721892445739454
2012-11-26,0.16197214119977643
2012-11-27,0.16729949444591902
2012-11-28,0.1693555021768205
2012-11-29,0.17209077609589735
2012-11-30,0.17569541173645076
2012-12-03,0.1772045174150931
2012-12-04,0.18127453541374866
2012-12-05,0.18500662065470377
2012-12-06,0.18601516922001582
2012-12-07,0.19465302082454614
2012-12-10,0.1924548585321632
2012-12-11,0.17370442441957581
2012-12-12,0.1686326834777533
2012-12-13,0.17218832385804392
2012-12-14,0.17332850657877624
2012-12-17,0.16526027685016267
2012-12-18,0.1498990619935845
2012-12-19,0.1518008944528134
2012-12-20,0.15401968291908644
2012-12-21,0.169241730011062
2012-12-26,0.1675534412022555
2012-12-27,0.17601749239647266
2012-12-28,0.17868937860844727
2012-12-31,0.14962952922797743
2013-01-02,0.125060241520841
2013-01-03,0.1486005345478322
2013-01-04,0.15069153893744225
2013-01-07,0.15763682668835907
2013-01-08,0.15324942616116372
2013-01-09,0.16437894113826015
2013-01-10,0.16323646288656746
2013-01-11,0.1698283508138891
2013-01-14,0.1707717900600662
2013-01-15,0.17599284869394363
2013-01-16,0.17134813382310699
2013-01-17,0.16828637932211352
2013-01-18,0.17034766131382334
2013-01-22,0.16672825170906339
2013-01-23,0.17053852413270354
2013-01-24,0.1652988642797419
2013-01-25,0.1564700330824213
2013-01-28,0.1601602858914337
2013-01-29,0.15978647234901722
2013-01-30,0.16055223723884973
2013-01-31,0.16767675410639132
2013-02-01,0.1453004983916726
2013-02-04,0.1693877276547089
2013-02-05,0.15986212009983622
2013-02-06,0.15733432648738915
2013-02-07,0.16651167820027882
2013-02-08,0.16617496404086685
2013-02-11,0.17056276195895745
2013-02-12,0.16556151693931415
2013-02-13,0.16237999255446114
2013-02-14,0.15822063865075653
2013-02-15,0.167218036158548
2013-02-19,0.16498733199057297
2013-02-20,0.1767519064274771
2013-02-21,0.18304543124707717
2013-02-22,0.17591298536549135
2013-02-25,0.19159738328462084
2013-02-26,0.1811867226919223
2013-02-27,0.16762523088328346
2013-02-28,0.1657789977177113
2013-03-01,0.17315912885857002
2013-03-04,0.17058926083886758
2013-03-05,0.15796773307892778
2013-03-06,0.14517382981910784
2013-03-07,0.14030795658031328
2013-03-08,0.13583809531519617
2013-03-11,0.13831565676158156
2013-03-12,0.13720295507001465
2013-03-13,0.1526222280101818
2013-03-14,0.14645229730610385
2013-03-15,0.15251448515296653
2013-03-18,0.163217769024639
2013-03-19,0.1728527505203871
2013-03-20,0.16606803226131847
2013-03-22,0.16662563356770524
2013-03-25,0.17473132992110926
2013-03-26,0.15788363913146464
2013-03-27,0.15743064213564328
2013-03-28,0.15188139528415956
2013-04-01,0.16148759782867214
2013-04-02,0.15704900176536202
2013-04-03,0.16768503499202161
2013-04-04,0.1663481568998323
2013-04-05,0.15753393273100566
2013-04-08,0.16171041916999815
2013-04-09,0.16366827432124403
2013-04-10,0.150027404915879
2013-04-11,0.14240981607238978
2013-04-12,0.14800860738004393
2013-04-15,0.1722459270196613
2013-04-16,0.14922741048109792
2013-04-17,0.14255231244709357
2013-04-18,0.14360498056896398
2013-04-19,0.14117800454674387
2013-04-22,0.12675826947198984
2013-04-23,0.12734878803987712
2013-04-24,0.12046438254612718
2013-04-25,0.09381795977415001
2013-04-26,0.10255182712996394
2013-04-29,0.09454948359366179
2013-04-30,0.10515341059670713
2013-05-01,0.1264430251862186
2013-05-02,0.1192252836794982
2013-05-03,0.11984916049854702
2013-05-06,0.11781989479209021
2013-05-07,0.11814251354796165
2013-05-09,0.12169643371735434
2013-05-10,0.1195770902491732
2013-05-13,0.11226327880910647
2013-05-14,0.10793765653743823
2013-05-15,0.10154141071511374
2013-05-16,0.11183864814355851
2013-05-17,0.10138110125008992
2013-05-20,0.10158145462921928
2013-05-21,0.10553984649483766
2013-05-22,0.11566417011719912
2013-05-23,0.11122538993626364
2013-05-24,0.12634687289355695
2013-05-28,0.121013104182079
2013-05-29,0.12974859137193948
2013-05-30,0.1264502484942673
2013-05-31,0.1406069976409797
2013-06-03,0.12983734423899748
2013-06-05,0.14921451494241364
2013-06-06,0.12904743108126365
2013-06-07,0.11334118549957278
2013-06-10,0.12268515134504591
2013-06-11,0.13998604193626754
2013-06-12,0.14298334969049367
2013-06-13,0.13370787934803022
2013-06-14,0.13164954993818323
2013-06-17,0.11979532551470107
2013-06-18,0.11681189625744857
2013-06-19,0.12332698076631884
2013-06-20,0.14655805822751172
2013-06-21,0.1533234774160787
2013-06-24,0.17432841739252775
2013-06-25,0.17122155657076124
2013-06-27,0.15878142009070761
2013-06-28,0.16240403840763337
2013-07-01,0.1439915901123338
2013-07-02,0.13387418722358604
2013-07-05,0.12683834111875403
2013-07-08,0.13194583558135317
2013-07-09,0.10358740522919725
2013-07-10,0.09397134306397253
2013-07-11,0.08829074984951428
2013-07-12,0.09425102935414134
2013-07-15,0.10117241735253281
2013-07-16,0.10639799565711294
2013-07-17,0.1074078437318393
2013-07-18,0.10634651992448382
2013-07-19,0.1023309216891903
2013-07-22,0.10238662179644892
2013-07-23,0.09606771953150021
2013-07-24,0.10315199739229367
2013-07-25,0.10529714205165476
2013-07-26,0.10742308683789425
2013-07-29,0.11053158986834173
2013-07-30,0.10911016912064478
2013-07-31,0.11051893765549513
2013-08-01,0.09012452762361269
2013-08-02,0.09427374226341038
2013-08-05,0.09451486807243777
2013-08-06,0.10179393289897463
2013-08-07,0.11474316875268555
2013-08-08,0.11191331412727872
2013-08-09,0.11006123718890289
2013-08-12,0.10236752381391677
2013-08-13,0.10309617833715314
2013-08-14,0.11179472205252021
2013-08-15,0.11947823054599456
2013-08-16,0.1310246266924314
2013-08-19,0.14002248131266481
2013-08-20,0.13918860902439048
2013-08-21,0.1514080895849252
2013-08-22,0.14176967085320344
2013-08-23,0.14354600027556375
2013-08-26,0.14866820482752433
2013-08-27,0.16605458015290905
2013-08-28,0.16203022910844825
2013-08-29,0.1624706504206572
2013-08-30,0.1724449222684266
2013-09-03,0.17241647705110105
2013-09-04,0.16520851731942102
2013-09-05,0.16419498500138838
2013-09-06,0.1603417830398082
2013-09-09,0.14338078643508054
2013-09-10,0.1390884272694665
2013-09-11,0.13683757619150724
2013-09-12,0.14225735160672628
2013-09-13,0.1471902218567754
2013-09-16,0.14271306421334065
2013-09-17,0.1355666814199352
2013-09-18,0.12352106407845634
2013-09-19,0.11908142845506905
2013-09-20,0.13567278501467586
2013-09-23,0.13958332102262713
2013-09-24,0.14386045402339678
2013-09-25,0.14612555657307977
2013-09-26,0.14927939080489558
2013-09-27,0.15461245470097493
2013-09-30,0.16159467918470546
2013-10-01,0.15170788796900314
2013-10-02,0.14863807659965214
2013-10-03,0.1590937446771527
2013-10-04,0.15677695353631346
2013-10-07,0.16349667177752458
2013-10-08,0.17898699289332967
2013-10-09,0.1668669989759511
2013-10-10,0.15569990162043176
2013-10-11,0.14730347986646664
2013-10-14,0.1476000995912207
2013-10-15,0.15715685011735364
2013-10-16,0.14336795879070327
2013-10-17,0.13207250736374054
2013-10-18,0.1257259023490174
2013-10-21,0.12135340380898169
2013-10-22,0.11572522947576855
2013-10-23,0.10033981080625354
2013-10-24,0.09420971505179522
2013-10-25,0.09684770758831132
2013-10-28,0.08543631045235538
2013-10-29,0.08025775537413565
2013-10-30,0.07986151408323168
2013-10-31,0.09471398830477848
2013-11-01,0.09501298188275978
2013-11-04,0.0900279806545797
2013-11-05,0.09996195907062824
2013-11-06,0.09952046152792546
2013-11-07,0.11200436823594986
2013-11-08,0.10746043889926646
2013-11-11,0.11210600295073217
2013-11-12,0.11661015473611067
2013-11-13,0.11164650951047031
2013-11-14,0.10494818393819058
2013-11-15,0.10579426463139455
2013-11-18,0.1098688784944428
2013-11-19,0.11178032015359687
2013-11-20,0.11442710031920375
2013-11-21,0.1092860828010769
2013-11-22,0.10380987986852619
2013-11-25,0.10406031765512178
2013-11-26,0.10242145218540549
2013-11-27,0.10444841835029287
2013-12-02,0.10512453319729159
2013-12-03,0.10249093575138321
2013-12-04,0.10726676525149648
2013-12-05,0.11213473036477531
2013-12-06,0.09556541651875167
2013-12-09,0.0923553601722967
2013-12-10,0.10334709252757845
2013-12-11,0.11607955353301361
2013-12-12,0.12439215560617639
2013-12-13,0.11926987898565053
2013-12-16,0.10524253564735166
2013-12-17,0.10270910115664438
2013-12-18,0.09383347760673497
2013-12-19,0.07830502924472617
2013-12-20,0.08609562009748732
2013-12-23,0.07896363554056292
2013-12-26,0.06889173997709407
2013-12-27,0.055433261654292174
2013-12-30,0.05571378918298574
2013-12-31,0.06224429613615811
2014-01-02,0.07019123016872834
2014-01-03,0.05525644337825384
2014-01-06,0.054953460074387755
2014-01-07,0.03759200632270273
2014-01-08,0.020673157295480707
2014-01-09,0.021834431478976186
2014-01-10,0.011483848732286587
2014-01-13,0.024123156964134973
2014-01-14,0.025763640996311447
2014-01-15,0.02994442325590467
2014-01-16,0.05064349153682322
2014-01-17,0.04806144268255677
2014-01-21,0.0565061414958273
2014-01-22,0.06329991957473559
2014-01-23,0.07028899094042335
2014-01-24,0.10327210736355674
2014-01-27,0.10686702610342752
2014-01-28,0.10742010063724072
2014-01-29,0.12852506849594286
2014-01-30,0.11791447390664465
2014-01-31,0.12096736079470775
2014-02-03,0.14980277047125165
2014-02-04,0.1468578878050274
2014-02-05,0.14907157765182125
2014-02-06,0.13909989558709873
2014-02-07,0.12757736637166314
2014-02-10,0.1247795877344946
2014-02-11,0.11500827425925944
2014-02-12,0.11475131150857616
2014-02-13,0.1100949722065514
2014-02-14,0.11049754166412488
2014-02-18,0.10759456471789428
2014-02-19,0.11609285953696837
2014-02-20,0.11538419651673965
2014-02-21,0.11948622265265017
2014-02-24,0.11319409679335604
2014-02-25,0.11628267056606152
2014-02-26,0.10713106538007687
2014-02-27,0.10811818864059043
2014-02-28,0.10955933179982351
2014-03-03,0.11560145909512826
2014-03-04,0.102925739717816
2014-03-05,0.09558345720401204
2014-03-06,0.09254014085746574
2014-03-07,0.07628442723449234
2014-03-10,0.08134315962142291
2014-03-11,0.0705360949730315
2014-03-12,0.06304446245934917
2014-03-13,0.06634032794708258
2014-03-14,0.0892484813571726
2014-03-17,0.10379325380273323
2014-03-18,0.09554126500573906
2014-03-19,0.10545143448381818
2014-03-20,0.10106030210407443
2014-03-21,0.11266306171715333
2014-03-24,0.11817007282623815
2014-03-25,0.10798634389180829
2014-03-26,0.10530560454320206
2014-03-27,0.106619704834917
2014-03-28,0.08396077361681872
2014-03-31,0.06613877078561053
2014-04-01,0.07193759615294319
2014-04-02,0.08618572266526717
2014-04-03,0.0791966106467248
2014-04-04,0.08337656772251867
2014-04-07,0.09177558204579127
2014-04-08,0.08159776843153874
2014-04-09,0.061575895977606224
2014-04-10,0.09583229406436405
2014-04-11,0.10713784980754941
2014-04-14,0.1043083059379665
2014-04-15,0.1120768783809706
2014-04-16,0.0962539893577311
2014-04-17,0.09730898343303972
2014-04-21,0.08039463087513385
2014-04-22,0.06288762094418916
2014-04-23,0.07450143012109428
2014-04-24,0.05987706969522559
2014-04-25,0.08026636487091984
2014-04-28,0.09147556107149114
2014-04-29,0.08317893241994995
2014-04-30,0.09017883598021957
2014-05-01,0.08726280176205331
2014-05-02,0.08414556040174305
2014-05-05,0.09298185447213533
2014-05-06,0.10222188377631562
2014-05-07,0.10587939779742506
2014-05-08,0.11123644247548521
2014-05-09,0.11124609783476061
2014-05-12,0.10157233199233949
2014-05-13,0.10016674580431834
2014-05-14,0.11088331322684698
2014-05-15,0.11951983242806927
2014-05-16,0.11875814965459679
2014-05-19,0.11428185897742671
2014-05-20,0.119579341514043
2014-05-21,0.10779945277847161
2014-05-22,0.11157386849509755
2014-05-23,0.10339808533643424
2014-05-27,0.0930251021796331
2014-05-28,0.09497793971417853
2014-05-29,0.07550158172608375
2014-05-30,0.07832744015499576
2014-06-02,0.060644302072827234
2014-06-03,0.07143725530402575
2014-06-04,0.0633086128505576
2014-06-05,0.07008383653830363
2014-06-06,0.06232437701251387
2014-06-09,0.07311694958864492
2014-06-10,0.06844240666331235
2014-06-11,0.07649272372658583
2014-06-12,0.08160770813072628
2014-06-13,0.07275801655326661
2014-06-16,0.05714713316166634
2014-06-17,0.052129480266569814
2014-06-18,0.04705052574876283
2014-06-19,0.05799005447618799
2014-06-20,0.05201240036106731
2014-06-23,0.048875388891210986
2014-06-24,0.05830733991935765
2014-06-25,0.06069034782884098
2014-06-26,0.05858408561307196
2014-06-27,0.06014923739468397
2014-06-30,0.06515821998144407
2014-07-01,0.06369640689496252
2014-07-02,0.058287316140515764
2014-07-07,0.05868074056980388
2014-07-09,0.06523168344749794
2014-07-10,0.06891535711711821
2014-07-11,0.05589806532827494
2014-07-14,0.06001972141503021
2014-07-15,0.06072621463639015
2014-07-16,0.061883945603446976
2014-07-17,0.07585367496424138
2014-07-18,0.06793255095218788
2014-07-21,0.06574109853220043
2014-07-22,0.06449284054289024
2014-07-23,0.05815269895391977
2014-07-24,0.048079590082325235
2014-07-25,0.06348476255888798
2014-07-28,0.06609171542444836
2014-07-29,0.05876085203855757
2014-07-30,0.054433080839527234
2014-07-31,0.07853964752578982
2014-08-01,0.09457728043636235
2014-08-04,0.08253976611138195
2014-08-05,0.08937816319951317
2014-08-06,0.08930238247496061
2014-08-07,0.105056479905102
2014-08-08,0.09465897047228569
2014-08-11,0.09481266083998549
2014-08-12,0.09578870132368847
2014-08-13,0.08823446894827355
2014-08-14,0.08661669964360233
2014-08-15,0.08440039440760858
2014-08-18,0.06536710841132101
2014-08-19,0.06954050315970836
2014-08-20,0.0658148843827219
2014-08-21,0.05655506726949297
2014-08-22,0.06023955989289393
2014-08-25,0.05423724378358623
2014-08-26,0.056110666197765634
2014-08-27,0.0482138008952363
2014-08-28,0.0469102463377967
2014-08-29,0.03775704990255975
2014-09-02,0.03823000240453535
2014-09-03,0.05067403699448643
2014-09-04,0.05529175425210765
2014-09-05,0.042955043205220436
2014-09-08,0.041367405229799106
2014-09-09,0.05324940812900998
2014-09-10,0.051181613077114566
2014-09-11,0.060146505033862166
2014-09-12,0.05532267549772042
2014-09-15,0.0627705671715257
2014-09-16,0.05594800175848725
2014-09-17,0.047362168664638445
2014-09-18,0.03890807043234935
2014-09-19,0.04451325944821933
2014-09-22,0.031055038071943212
2014-09-23,0.038984341904251096
2014-09-24,0.03909111663766997
2014-09-25,0.054275041000092034
2014-09-26,0.043186431499877706
2014-09-29,0.051524203921698875
2014-09-30,0.037236869248994234
2014-10-01,0.05238944945092956
2014-10-02,0.0650403826404074
2014-10-03,0.06509340477013008
2014-10-06,0.07078462107140829
2014-10-07,0.08592839926815667
2014-10-09,0.09650819019089218
2014-10-10,0.1088035127399306
2014-10-13,0.12609550607054884
2014-10-14,0.12028368647730388
2014-10-15,0.12599262313317822
2014-10-16,0.12100951766581373
2014-10-17,0.0980463222884386
2014-10-20,0.08267677199635616
2014-10-21,0.07557525249194053
2014-10-22,0.08943050221092806
2014-10-23,0.07810806303928106
2014-10-24,0.06893158516995586
2014-10-27,0.06695368969367185
2014-10-28,0.05354023814159569
2014-10-29,0.05850115542760816
2014-10-30,0.04395900541843139
2014-10-31,0.030236829130621166
2014-11-03,0.04277064701557453
2014-11-04,0.03677120043306605
2014-11-05,0.03145764997987393
2014-11-06,0.02652832928249034
2014-11-07,0.029063753388615093
2014-11-10,0.031663374438061116
2014-11-11,0.02772257320852359
2014-11-12,0.020848932125913266
2014-11-13,-0.00121073743994563
2014-11-14,-0.03330827059308939
2014-11-17,-0.07566326136542566
2014-11-18,-0.09350779071126289
2014-11-19,-0.053192272402760976
2014-11-20,-0.03158041594213549
2014-11-21,-0.03674077026387868
2014-11-24,-0.048108540105306165
2014-11-25,-0.07743261450164438
2014-11-26,-0.0609082269960522
2014-12-01,-0.05086309549023463
2014-12-02,-0.07285548661377184
2014-12-03,-0.05153871707726484
2014-12-04,-0.06418114552446136
2014-12-05,-0.060277066508432696
2014-12-08,-0.04885937727041167
2014-12-09,-0.05217752526292526
2014-12-10,-0.0236346388601441
2014-12-11,-0.019818952130228235
2014-12-12,-0.006091921836035116
2014-12-15,-0.020943314587054628
2014-12-16,-0.007565680809531608
2014-12-17,-0.040601551372207785
2014-12-18,-0.06593645397548528
2014-12-19,-0.06821049874186341
2014-12-22,-0.07322882872171824
2014-12-23,-0.10045479000578805
2014-12-26,-0.10294881000876918
2014-12-29,-0.0854796957544342
2014-12-30,-0.07742912896958762
2014-12-31,-0.05280332026120781
2015-01-02,-0.03438169332794935
2015-01-05,-0.019911927849896545
2015-01-06,-0.0020466078438785996
2015-01-07,-0.005696756201151867
2015-01-08,-0.02236865796024712
2015-01-09,-0.013138422515760235
2015-01-12,-0.012194114534703726
2015-01-13,-0.01401000631110611
2015-01-14,0.006983393897316795
2015-01-15,0.020672996141280466
2015-01-16,0.008231009851783598
2015-01-20,0.004904276690807969
2015-01-21,-0.006221211279387426
2015-01-22,-0.004428051517707589
2015-01-23,0.012236938544659421
2015-01-26,0.007240294064075873
2015-01-27,0.0185792716843447
2015-01-28,0.04311936562080001
2015-01-29,0.033378126578634634
2015-01-30,0.041184394414614474
2015-02-02,0.04085299119251167
2015-02-03,0.02933510581841551
2015-02-04,0.030268760287876305
2015-02-05,0.018836233599051296
2015-02-06,0.021461784183506853
2015-02-09,0.016469990903717126
2015-02-10,0.008049592860351748
2015-02-11,0.0034268696071546078
2015-02-12,-0.019798302389354823
2015-02-13,-0.03539602194658683
2015-02-17,-0.02200238491231097
2015-02-18,-0.022908683181543814
2015-02-19,-0.006335717320317133
2015-02-20,-0.01318415914528628
2015-02-23,-0.009218453238859543
2015-02-24,-0.013355680924490741
2015-02-25,-0.010982982218607896
2015-02-26,-0.010093228898587296
2015-02-27,-0.009797110078651456
2015-03-02,-0.006391850648810794
2015-03-03,-0.01276005781453679
2015-03-04,-0.022521987575578793
2015-03-05,-0.0042576856356525
2015-03-06,0.0037041383000444485
2015-03-09,-0.0071823798039540344
2015-03-10,0.001479490907108862
2015-03-12,-0.006408028843441875
2015-03-13,-0.01982900535915498
2015-03-16,-0.02779932149860357
2015-03-17,-0.01446130781468144
2015-03-18,-0.012039563090123351
2015-03-19,-0.022659889563515462
2015-03-20,-0.05139145395145896
2015-03-23,-0.040966234952820875
2015-03-24,-0.026135423375091005
2015-03-25,0.0009281764954476909
2015-03-26,-0.0007545867298425104
2015-03-27,0.007761892440507805
2015-03-30,-0.011604001025879308
2015-03-31,-0.012811612952477042
2015-04-01,-0.02360686904513471
2015-04-02,-0.025015684601324514
2015-04-06,-0.04483862564103294
2015-04-07,-0.06644136275215991
2015-04-08,-0.08086179776717495
2015-04-09,-0.08446788572852519
2015-04-10,-0.08178992502780466
2015-04-13,-0.10239617083357368
2015-04-14,-0.0881689438174234
2015-04-15,-0.11437915502492678
2015-04-16,-0.11275495604256994
2015-04-17,-0.11359036960028329
2015-04-20,-0.11753657538539451
2015-04-21,-0.09612491285126737
2015-04-22,-0.11613905535058307
2015-04-23,-0.10521930565441584
2015-04-24,-0.1184187873172035
2015-04-27,-0.10896316944109372
2015-04-28,-0.08816954355184771
2015-04-29,-0.08426725482141577
2015-04-30,-0.09259868542325153
2015-05-01,-0.09758092292555394
2015-05-04,-0.09888093270721893
2015-05-05,-0.10633127557590576
2015-05-06,-0.1159322224600208
2015-05-07,-0.1199234245331552
2015-05-08,-0.13371747877404516
2015-05-11,-0.14146045074312064
2015-05-12,-0.11857422554108087
2015-05-13,-0.10216426839483482
2015-05-14,-0.09627150814146955
2015-05-15,-0.10167458132996429
2015-05-18,-0.1049553459352059
2015-05-19,-0.09036769709392606
2015-05-20,-0.10227964205661248
2015-05-21,-0.10066637064889775
2015-05-22,-0.08632083509953782
2015-05-26,-0.07779594484032537
2015-05-27,-0.09591004577593086
2015-05-28,-0.07069842564813478
2015-05-29,-0.06000119081017265
2015-06-01,-0.058313206333518615
2015-06-02,-0.05416469648197686
2015-06-03,-0.05582152310902282
2015-06-04,-0.058710608667169255
2015-06-05,-0.0516861286927313
2015-06-08,-0.04458210136161742
2015-06-09,-0.02863055756867885
2015-06-10,-0.04189136466713202
2015-06-11,-0.04665104956472522
2015-06-12,-0.032913254803991154
2015-06-15,-0.022518710631105433
2015-06-16,-0.029157707363471487
2015-06-17,-0.029581318859975583
2015-06-18,-0.04006759770501657
2015-06-19,-0.036065083611654565
2015-06-22,-0.04326069139664557
2015-06-23,-0.04333763151907826
2015-06-24,-0.02682210913498793
2015-06-25,-0.019217372218133938
2015-06-26,-0.021917104465276133
2015-06-29,0.005956036944688745
2015-06-30,0.0006867141879238984
2015-07-01,-0.017389848356836324
2015-07-02,-0.005374513060881348
2015-07-06,-0.014423553431014804
2015-07-07,-0.017982649396617825
2015-07-08,-0.003733814414504249
2015-07-09,0.004235605539755322
2015-07-10,0.0014995437486657603
2015-07-13,-0.009461477024007953
2015-07-14,-0.014996881831947546
2015-07-15,-0.007670697376135556
2015-07-16,-0.012400899709372644
2015-07-17,-0.01237288733957856
2015-07-20,-0.018453535646919927
2015-07-21,-0.01431099925292808
2015-07-22,-0.014008610910295252
2015-07-23,-0.006907355076231872
2015-07-24,0.005500894346989157
2015-07-27,0.0022793591618535634
2015-07-28,-0.015462722868414852
2015-07-29,-0.014486090310477612
2015-07-30,-0.023525770775702677
2015-07-31,-0.027466975043121844
2015-08-03,-0.02422274732820247
2015-08-04,-0.018675544485261854
2015-08-05,-0.021464287253842525
2015-08-06,-0.0011138040259114496
2015-08-07,-0.007954401477650617
2015-08-10,-0.020653268984950728
2015-08-11,-0.02009244765304237
2015-08-12,-0.01131936645925322
2015-08-13,-0.019676051850987742
2015-08-14,-0.022794627984895184
2015-08-17,-0.03199537872552652
2015-08-18,-0.02285990686616284
2015-08-19,-0.016467886434902664
2015-08-20,0.017527024820713034
2015-08-21,0.05598223158828576
2015-08-24,0.09800672705324065
2015-08-25,0.11441175721801687
2015-08-26,0.07404875461453661
2015-08-27,0.05248146991973886
2015-08-28,0.05535831699614029
2015-08-31,0.06092154810914843
2015-09-01,0.09605654219470973
2015-09-02,0.0784822110556912
2015-09-03,0.08072995704422102
2015-09-04,0.09484670634383016
2015-09-08,0.06022355236138806
2015-09-09,0.06629282531097341
2015-09-10,0.05884903701009751
2015-09-11,0.05263653251454284
2015-09-14,0.059771842111859944
2015-09-15,0.03829275414548028
2015-09-16,0.0360768790312823
2015-09-17,0.04095577845369022
2015-09-18,0.06125921291656462
2015-09-21,0.06895316047649586
2015-09-22,0.04510904406840392
2015-09-23,0.028920508704402798
2015-09-24,0.05012435965183572
2015-09-25,0.0675756369984134
2015-09-28,0.10696085375999441
2015-09-29,0.10802864241155503
2015-09-30,0.08222597738429431
2015-10-01,0.0856339627516169
2015-10-02,0.07018823701314034
2015-10-05,0.06715570641308788
2015-10-06,0.07414808139881648
2015-10-07,0.0731249967151773
2015-10-08,0.06421564994402726
2015-10-09,0.06874181708316429
2015-10-12,0.0665660884310845
2015-10-13,0.07606106258602491
2015-10-14,0.07952517844055237
2015-10-15,0.06871338502647584
2015-10-16,0.060463020003759936
2015-10-19,0.06437402992577962
2015-10-20,0.06289920146148828
2015-10-21,0.06933479338266102
2015-10-22,0.05182670475306241
2015-10-23,0.0418281914514355
2015-10-26,0.04603778927776254
2015-10-27,0.047022192506848755
2015-10-28,0.029261887646187375
2015-10-29,0.03255525942283683
2015-10-30,0.0384094950442277
2015-11-02,0.03464231875903117
2015-11-03,0.03116763233828316
2015-11-04,0.0345102236352496
2015-11-05,0.03328507851340235
2015-11-06,0.038313030649216644
2015-11-09,0.04690900010927921
2015-11-10,0.04759282649007409
2015-11-11,0.04638210675586769
2015-11-12,0.06193018796838561
2015-11-13,0.07555101612712892
2015-11-16,0.059107901076532986
2015-11-17,0.05981840442248921
2015-11-18,0.04591070827231513
2015-11-19,0.04177520287409207
2015-11-20,0.037092071819194904
2015-11-23,0.03651385222573728
2015-11-24,0.04005550160349574
2015-11-25,0.03856705980508127
2015-11-30,0.038843357882960915
2015-12-01,0.029250539639979797
2015-12-02,0.04421949376525187
2015-12-03,0.061331300614429735
2015-12-04,0.04186975864288444
2015-12-07,0.04575646305873089
2015-12-08,0.028081157468319885
2015-12-09,0.05003631304866807
2015-12-10,0.03318987766013589
2015-12-11,0.05228882472925227
2015-12-14,0.05698395206566676
2015-12-15,0.03760800437879838
2015-12-16,0.02353108093703809
2015-12-17,0.03892627952142981
2015-12-18,0.07397847916612763
2015-12-21,0.07198764399871255
2015-12-22,0.057545080132719105
2015-12-23,0.03689033170924293
2015-12-28,0.04713268425940371
2015-12-29,0.041460501941621236
2015-12-30,0.03971658205765937
2015-12-31,0.05720632828664614
2016-01-04,0.0684039421455114
2016-01-05,0.06181850393299602
2016-01-06,0.07924553550368846
2016-01-07,0.10439389776969744
2016-01-08,0.11170295178747111
2016-01-11,0.11567239103346065
2016-01-12,0.09531900681328409
2016-01-13,0.12159337637206054
2016-01-14,0.10244405308025342
2016-01-15,0.12428170192463937
2016-01-19,0.11980563633832314
2016-01-20,0.1381851639647932
2016-01-21,0.13557077625629915
2016-01-22,0.11374981395619922
2016-01-25,0.12892025463785703
2016-01-26,0.1199067933559818
2016-01-27,0.12767767954742104
2016-01-28,0.12034357226787303
2016-01-29,0.0936825383394976
2016-02-01,0.09075561499041127
2016-02-02,0.1091927712219232
2016-02-03,0.0962902244713457
2016-02-04,0.0883583175045019
2016-02-05,0.10326913076104197
2016-02-08,0.11551498482465582
2016-02-09,0.13727691238254486
2016-02-10,0.1423723488729878
2016-02-11,0.16574059189576196
2016-02-12,0.14815228133035238
2016-02-16,0.12940769637505695
2016-02-17,0.113584975226836
2016-02-18,0.12563557382751578
2016-02-19,0.12446615040684146
2016-02-22,0.11483645495653508
2016-02-23,0.1253529645004703
2016-02-24,0.12822340626233106
2016-02-25,0.11815534551559076
2016-02-26,0.12109723148780462
2016-02-29,0.12902378751707308
2016-03-01,0.10643739600739008
2016-03-02,0.09971566367574954
2016-03-03,0.09213060839099688
2016-03-04,0.08938814586930242
2016-03-07,0.09432612442079008
2016-03-08,0.10876405291814452
2016-03-09,0.11655442796123514
2016-03-10,0.11837306337317947
2016-03-11,0.10849161882116987
2016-03-14,0.10848451270119903
2016-03-15,0.11659744874050151
2016-03-16,0.10284422598903752
2016-03-17,0.100362311818948
2016-03-18,0.09387919891071018
2016-03-21,0.09455168611011686
2016-03-22,0.09885253479888194
2016-03-23,0.10294552274070612
2016-03-24,0.10175632696774357
2016-03-28,0.10230668492635778
2016-03-29,0.09545142476027978
2016-03-30,0.08300701205850253
2016-03-31,0.08513928710288655
2016-04-01,0.07491600576674622
2016-04-04,0.08546725170611529
2016-04-05,0.10138795182649
2016-04-06,0.08969471111860354
2016-04-07,0.10564528319960513
2016-04-08,0.0996265951814606
2016-04-11,0.10203815572043821
2016-04-12,0.09504220524453703
2016-04-13,0.08284021593555928
2016-04-14,0.08492271598862038
2016-04-15,0.08265993036573031
2016-04-18,0.07763304307033785
2016-04-19,0.07127764690398845
2016-04-20,0.0735620793488974
2016-04-21,0.07653289916830146
2016-04-22,0.08266546158523518
2016-04-25,0.09284417936337257
2016-04-26,0.09035775165019748
2016-04-27,0.08703694123114274
2016-04-28,0.09000732280984351
2016-04-29,0.09514358545998118
2016-05-02,0.08767883989880884
2016-05-03,0.09700848412894504
2016-05-04,0.10954607215411866
2016-05-05,0.10793333732440112
2016-05-06,0.10430769796066289
2016-05-09,0.10470316198396475
2016-05-10,0.09812240222060287
2016-05-11,0.11123169007820836
2016-05-12,0.11637563248350932
2016-05-13,0.12938206653354345
2016-05-16,0.12461852671695699
2016-05-17,0.13326493608781761
2016-05-18,0.13423710564138092
2016-05-19,0.1437298437624536
2016-05-20,0.13688440403825425
2016-05-23,0.13894788017542822
2016-05-24,0.12737553855551365
2016-05-25,0.12206841390839522
2016-05-26,0.11919199187368809
2016-05-27,0.12844858097141915
2016-05-31,0.12413782258307997
2016-06-01,0.12282543289976369
2016-06-02,0.11688572471477067
2016-06-03,0.11667384093596833
2016-06-06,0.10962398167775321
2016-06-07,0.10922646531609534
2016-06-08,0.1094748287947754
2016-06-09,0.11144472764345964
2016-06-10,0.11724409022583497
2016-06-13,0.13323054441871102
2016-06-14,0.13342415413502434
2016-06-15,0.1289500882783246
2016-06-16,0.12441223569724506
2016-06-17,0.12062178271388271
2016-06-20,0.11635256867823142
2016-06-21,0.112449294171858
2016-06-22,0.11374473525882033
2016-06-23,0.09921284061896138
2016-06-24,0.14335053101854162
2016-06-27,0.16242535114421813
2016-06-28,0.1475243618173267
2016-06-29,0.128087124492908
2016-06-30,0.11310014317628846
2016-07-01,0.11180226598645898
2016-07-05,0.11556848482980288
2016-07-06,0.11208598459209282
2016-07-07,0.11199522955288004
2016-07-08,0.0977784486462443
2016-07-11,0.09304134234600488
2016-07-12,0.08193066300576693
2016-07-13,0.07531688145184588
2016-07-14,0.07844925990487811
2016-07-15,0.07666806193976584
2016-07-18,0.07233858662086476
2016-07-19,0.08116679014074317
2016-07-20,0.07386678667454782
2016-07-21,0.08853192639671477
2016-07-22,0.08978005579198281
2016-07-25,0.09207577791172637
2016-07-26,0.09237659058089215
2016-07-27,0.09129032329340926
2016-07-28,0.0923104423245207
2016-07-29,0.09118832150147328
2016-08-01,0.09108523326816845
2016-08-02,0.09829631841700963
2016-08-03,0.09929674556939766
2016-08-04,0.0981739311085726
2016-08-05,0.08910692666789596
2016-08-08,0.09136767900204133
2016-08-09,0.08899216151788514
2016-08-10,0.08977269971227843
2016-08-11,0.09012441631150883
2016-08-12,0.09036541729539686
2016-08-15,0.06969845798733026
2016-08-16,0.07855163385501847
2016-08-17,0.08315745845261777
2016-08-18,0.08601459158656886
2016-08-19,0.0895337642075551
2016-08-22,0.09195955244814182
2016-08-23,0.09467090099894973
2016-08-24,0.09967540444220395
2016-08-25,0.09972245351991554
2016-08-26,0.10107876073897189
2016-08-29,0.1038439461696556
2016-08-30,0.10892268159061665
2016-08-31,0.11097846117988781
2016-09-01,0.1079429357860142
2016-09-02,0.10510100717270811
2016-09-06,0.1023343345556225
2016-09-07,0.10130999712816953
2016-09-08,0.10303762026594475
2016-09-09,0.13203594561880838
2016-09-12,0.11684879008454042
2016-09-13,0.12928311521345098
2016-09-14,0.12495128968738363
2016-09-15,0.12315582838591264
2016-09-16,0.1256128797390823
2016-09-19,0.12492378865195942
2016-09-20,0.12420855159626236
2016-09-21,0.11462877944951917
2016-09-22,0.10865918928377259
2016-09-23,0.10616568044959775
2016-09-26,0.1231468764491394
2016-09-27,0.10829665207605328
2016-09-28,0.1048172777884575
2016-09-29,0.11771495698636006
2016-09-30,0.10114148985566714
2016-10-03,0.11040257633306398
2016-10-04,0.11615720154291066
2016-10-05,0.11087572428286895
2016-10-06,0.11739832097439713
2016-10-07,0.12283402565281136
2016-10-10,0.12250293558219949
2016-10-11,0.13475221184076067
2016-10-12,0.13422243758377533
2016-10-13,0.14247275560260433
2016-10-14,0.14255823408273538
2016-10-17,0.1449311482922727
2016-10-18,0.13871998739996622
2016-10-19,0.1384422184443124
2016-10-20,0.1401997330375152
2016-10-21,0.1392485050614469
2016-10-24,0.13345281267120007
2016-10-25,0.13604216858096577
2016-10-26,0.1402339398915605
2016-10-27,0.14339727347783285
2016-10-28,0.1447061084592378
2016-10-31,0.14626376068989147
2016-11-01,0.155194815559274
2016-11-02,0.15914017039669479
2016-11-03,0.1631322096381328
2016-11-04,0.15041921232836966
2016-11-07,0.12997727067145565
2016-11-08,0.1353200758451015
2016-11-09,0.12458043860488811
2016-11-10,0.12390959146009266
2016-11-11,0.1104147820364175
2016-11-14,0.1081652500155086
2016-11-15,0.10129564988687395
2016-11-16,0.112753980668011
2016-11-17,0.10469272344482031
2016-11-18,0.10461646799739373
2016-11-21,0.09924843814294537
2016-11-22,0.0975425941235895
2016-11-23,0.09779345122043145
2016-11-28,0.10335697709595383
2016-11-29,0.10716289764895032
2016-11-30,0.11168077538173223
2016-12-01,0.10822185926263816
2016-12-02,0.11092914497298383
2016-12-05,0.10491479794742273
2016-12-06,0.10020323363396645
2016-12-07,0.09778150642519817
2016-12-08,0.09890808954071383
2016-12-09,0.09319720929480294
2016-12-12,0.09411882258726818
2016-12-13,0.08412929683308801
2016-12-14,0.09383950964573522
2016-12-15,0.09108305934836233
2016-12-16,0.09908825898304298
2016-12-19,0.094412715409176
2016-12-20,0.09065848453353097
2016-12-21,0.09129324826814725
2016-12-22,0.0932914768965621
2016-12-23,0.09598401918412913
2016-12-27,0.0947915770455287
2016-12-28,0.10617227559209105
2016-12-29,0.1108706121959803
2016-12-30,0.11667933369917458
2017-01-03,0.11045430663097972
2017-01-04,0.11043426120455216
2017-01-05,0.11031311894654905
2017-01-06,0.10458244213293397
2017-01-09,0.11021526515193708
2017-01-10,0.11204258637967227
2017-01-11,0.10790317228478075
2017-01-12,0.11113563490754061
2017-01-13,0.11060595709790583
2017-01-17,0.11445798717814529
2017-01-18,0.11338322643092325
2017-01-19,0.11714199438672887
2017-01-20,0.11884620521801975
2017-01-23,0.11759895190637018
2017-01-24,0.11287923823598689
2017-01-25,0.09958630210329797
2017-01-26,0.10131426738959809
2017-01-27,0.1110853663556888
2017-01-30,0.11368534206992409
2017-01-31,0.11519662190615684
2017-02-01,0.1162449995062251
2017-02-02,0.11609775611377546
2017-02-03,0.11233253289804354
2017-02-06,0.11544209996097352
2017-02-07,0.11496388937072652
2017-02-08,0.11530585973291305
2017-02-09,0.1059837807236603
2017-02-10,0.10161113649435902
2017-02-13,0.09725374076623147
2017-02-14,0.09065724116071869
2017-02-15,0.08048162010646662
2017-02-16,0.08938270280808688
2017-02-17,0.08538677623445665
2017-02-21,0.08095152944803671
2017-02-22,0.08796731155373935
2017-02-23,0.08673203350916389
2017-02-24,0.08705997525132833
2017-02-27,0.09556386358445265
2017-02-28,0.09767471936668778
2017-03-01,0.09221753487335096
2017-03-02,0.0965525164833062
2017-03-03,0.09469191990921508
2017-03-06,0.09403543443385104
2017-03-07,0.0972232893702071
2017-03-08,0.10214600058491352
2017-03-09,0.10658630235825747
2017-03-10,0.10627843132124765
2017-03-13,0.1074558635177301
2017-03-14,0.11074530612872124
2017-03-15,0.0985192973058304
2017-03-16,0.10332273146903798
2017-03-17,0.11553275122774612
2017-03-20,0.1132233427458309
2017-03-21,0.12532532829072948
2017-03-22,0.12504249826387487
2017-03-23,0.12597355240084676
2017-03-24,0.12507512812902533
2017-03-27,0.1270824059767248
2017-03-28,0.12178094164619596
2017-03-29,0.11690529885858517
2017-03-30,0.12089641773343762
2017-03-31,0.12957169782004793
2017-04-03,0.13513437724224253
2017-04-04,0.14110376068075606
2017-04-05,0.14614338075656658
2017-04-06,0.14568607078391135
2017-04-07,0.14498805818638072
2017-04-10,0.15163725380486628
2017-04-11,0.15938371841382942
2017-04-12,0.15995892344659954
2017-04-13,0.17596593172911057
2017-04-17,0.16581276039363005
2017-04-18,0.17312157101816322
2017-04-19,0.1828027213446752
2017-04-20,0.1770616078249312
2017-04-21,0.17972575967563434
2017-04-24,0.1693966600848576
2017-04-25,0.17502732588307532
2017-04-26,0.16870526622849213
2017-04-27,0.15731675356380995
2017-04-28,0.1602708320949215
2017-05-01,0.15719434334303584
2017-05-02,0.1346570908893519
2017-05-03,0.09350803458433676
2017-05-04,0.11114718848494949
2017-05-05,0.10169275636347644
2017-05-08,0.07609732459648409
2017-05-09,0.08020924734084373
2017-05-10,0.09208320342418432
2017-05-11,0.09658175129296884
2017-05-12,0.11187284130504664
2017-05-15,0.11891398900799932
2017-05-16,0.12009901487712223
2017-05-17,0.13154065686733266
2017-05-18,0.1224816005311968
2017-05-19,0.11714668465279891
2017-05-22,0.12801153127582154
2017-05-23,0.13757131434684372
2017-05-24,0.12253362322725649
2017-05-25,0.10675071871997396
2017-05-26,0.09317481599023313
2017-05-30,0.09913776906311111
2017-05-31,0.11081372213536746
2017-06-01,0.10553898475421081
2017-06-02,0.10196216560214785
2017-06-05,0.10716676527855806
2017-06-06,0.1271843705879914
2017-06-07,0.12452665167296455
2017-06-08,0.11761142548801924
2017-06-09,0.11339613924436297
2017-06-12,0.1130942942710237
2017-06-13,0.10538033697683541
2017-06-14,0.09291669744742823
2017-06-15,0.09624050479668711
2017-06-16,0.09902243032605232
2017-06-19,0.06559778169755409
2017-06-20,0.05030947882894607
2017-06-21,0.07800244479104788
2017-06-22,0.06133152153964362
2017-06-23,0.05683140144915337
2017-06-26,0.07022858972940323
2017-06-27,0.055213761467624446
2017-06-28,0.059042950706707405
2017-06-29,0.07914066762008501
2017-06-30,0.08435328240248023
2017-07-05,0.05801132006657554
2017-07-06,0.0711300020255106
2017-07-07,0.08110235000921233
2017-07-10,0.07473961500202812
2017-07-11,0.08364854882660126
2017-07-12,0.07337358551871902
2017-07-13,0.0798229797229482
2017-07-14,0.08560379414887813
2017-07-17,0.08648688812777298
2017-07-18,0.08022310058209663
2017-07-19,0.0666449759406023
2017-07-20,0.06604972768541643
2017-07-21,0.053421507829134504
2017-07-24,0.0557812254713506
2017-07-25,0.06350164415724717
2017-07-26,0.06439505159760021
2017-07-27,0.05734573078106302
2017-07-28,0.06047982440938445
2017-07-31,0.0541961926866511
2017-08-01,0.049730654782114095
2017-08-02,0.06194321555404739
2017-08-03,0.0672923674294542
2017-08-04,0.06548448604876683
2017-08-07,0.07330962020954714
2017-08-08,0.08482588039691649
2017-08-09,0.08728044124584004
2017-08-10,0.10244441032108309
2017-08-11,0.09408653588500522
2017-08-14,0.08850352397029329
2017-08-15,0.08779904753805633
2017-08-16,0.08359721822633787
2017-08-17,0.10647068218296497
2017-08-18,0.10536857659482954
2017-08-21,0.10729841033281766
2017-08-22,0.09526736812927938
2017-08-23,0.09625809585701557
2017-08-24,0.0869378943192867
2017-08-25,0.09771674333544166
2017-08-28,0.09075336191599964
2017-08-29,0.10015553312611915
2017-08-30,0.09997345995375082
2017-08-31,0.09561655292936937
2017-09-01,0.10163724295483992
2017-09-05,0.10837525920859116
2017-09-06,0.1082351505878304
2017-09-07,0.10959189691114911
2017-09-08,0.1123886086906499
2017-09-11,0.09821541130991158
2017-09-12,0.09706292554437296
2017-09-13,0.09094409787752304
2017-09-14,0.08933780698638863
2017-09-15,0.08881632798091656
2017-09-18,0.08869383022396748
2017-09-19,0.0812604079252389
2017-09-20,0.08255018346013784
2017-09-21,0.07171725478529052
2017-09-22,0.0734599663189765
2017-09-25,0.06780910868602912
2017-09-26,0.07253613518059879
2017-09-27,0.06987122487682541
2017-09-28,0.07089710243995762
2017-09-29,0.07178337488571594
2017-10-02,0.07578373902966414
2017-10-03,0.08267804242418413
2017-10-04,0.08466614801341811
2017-10-05,0.07194524329744133
2017-10-06,0.08140040661812704
2017-10-09,0.08411409175394695
2017-10-10,0.08096005336080626
2017-10-11,0.08322838783285434
2017-10-12,0.08678867580395296
2017-10-13,0.08183915247713729
2017-10-16,0.07930606324012059
2017-10-17,0.08050761879252986
2017-10-18,0.08421385887463347
2017-10-19,0.09283537003524915
2017-10-20,0.08488635206827357
2017-10-23,0.08195654270541584
2017-10-24,0.07482517664061834
2017-10-25,0.0842857971866157
2017-10-26,0.08230044996361886
2017-10-27,0.07898122617118918
2017-10-30,0.08690490122438695
2017-10-31,0.08932146452962302
2017-11-01,0.09087533448403243
2017-11-02,0.08996032697667246
2017-11-03,0.08544907395043444
2017-11-06,0.07721193429960115
2017-11-07,0.07385690422921595
2017-11-08,0.07843992220102343
2017-11-09,0.0746074724231694
2017-11-10,0.08320118202032682
2017-11-13,0.08550387977604348
2017-11-14,0.09016007715274234
2017-11-15,0.09723764167959414
2017-11-16,0.08866521622162137
2017-11-17,0.08983616734806674
2017-11-20,0.09425415020703361
2017-11-21,0.09550694728977221
2017-11-22,0.09653582333029047
2017-11-27,0.10023970260963125
2017-11-28,0.08622833354698513
2017-11-29,0.08651099151563668
2017-11-30,0.07694537324055827
2017-12-01,0.07582633619735507
2017-12-04,0.07397693566731135
2017-12-05,0.07521121632972225
2017-12-06,0.0770317759326458
2017-12-07,0.07744113220487303
2017-12-08,0.07212455943222813
2017-12-11,0.07453283446618822
2017-12-12,0.07313799602254455
2017-12-13,0.0680233568718151
2017-12-14,0.07724528199131987
2017-12-15,0.07518737409055584
2017-12-18,0.07672285217092638
2017-12-19,0.07521294764288422
2017-12-20,0.07248423005874967
2017-12-21,0.06934895404341437
2017-12-22,0.06653846239386828
2017-12-26,0.07064244797408908
2017-12-27,0.0696790976880698
2017-12-28,0.0714603984190456
2017-12-29,0.07463223813068927
2018-01-02,0.06826991824982613
2018-01-03,0.0541579179632299
2018-01-04,0.044203616806913745
2018-01-05,0.0374100701298556
2018-01-08,0.03425849829721776
2018-01-09,-0.0006181303933160236
2018-01-10,-0.02022489312392029
2018-01-11,-0.014335962957685718
2018-01-12,-0.026543522179655662
2018-01-16,-0.002422651790008966
2018-01-17,-0.011263339304810481
2018-01-18,-0.02409787552705801
2018-01-19,-0.029316346216024892
2018-01-22,-0.04156652387755627
2018-01-23,-0.049209820180082436
2018-01-24,-0.0797425398843793
2018-01-25,-0.062146908828282804
2018-01-26,-0.09165721100009566
2018-01-29,-0.09075681719324288
2018-01-30,-0.06467901697901546
2018-01-31,-0.055069761305723636
2018-02-01,-0.0441964873878505
2018-02-02,-0.028239277488028586
2018-02-05,0.019958446186116682
2018-02-06,0.007395844106249591
2018-02-07,0.033845634175900294
2018-02-08,0.05771042578538697
2018-02-09,0.04502341352529098
2018-02-12,0.012015343120324701
2018-02-13,0.00757461738820225
2018-02-14,-0.01312026277097711
2018-02-15,-0.014635853798914576
2018-02-16,-0.012820478934483232
2018-02-20,-0.023465211538534807
2018-02-21,-0.036704974451952414
2018-02-22,-0.034520874004692656
2018-02-23,-0.04165106121370575
2018-02-26,-0.05012516448281271
2018-02-27,-0.014874639851130444
2018-02-28,-0.0056259822552743605
2018-03-01,0.014247051950004724
2018-03-02,0.021794097100197918
2018-03-05,-0.02152232422856623
2018-03-06,-0.026282034459723994
2018-03-07,-0.04938623817163305
2018-03-08,-0.05233581077904565
2018-03-09,-0.0693964932145735
2018-03-12,-0.06310939005697015
2018-03-13,-0.057105405840767114
2018-03-14,-0.07030229573894106
2018-03-15,-0.0900470507129947
2018-03-16,-0.08753288716138313
2018-03-19,-0.1061085899189692
2018-03-20,-0.13395754714174934
2018-03-21,-0.11036173367816497
2018-03-22,-0.07611119944130249
2018-03-23,-0.056026178785455245
2018-03-26,-0.07397040020207837
2018-03-27,-0.056309719730459264
2018-03-28,-0.07796125027911054
2018-03-29,-0.05844991985384394
2018-04-02,-0.028306753232737493
2018-04-03,-0.03155436454393609
2018-04-04,-0.038327678372964157
2018-04-05,-0.04106625273355653
2018-04-06,-0.01916534789094238
2018-04-09,-0.029030937320906836
2018-04-10,-0.034086943006803254
2018-04-11,-0.02637667552724314
2018-04-12,-0.02682553624151194
2018-04-13,-0.011026450207064971
2018-04-16,-0.032507058114601715
2018-04-17,-0.041381173219316905
2018-04-18,-0.04122933325669904
2018-04-19,-0.027395335382270236
2018-04-20,-0.026735775911084274
2018-04-23,-0.02768996886848428
2018-04-24,0.0009114974020148683
2018-04-25,0.007397307277981182
2018-04-26,-0.001852667572682161
2018-04-27,0.004081133176378
2018-04-30,0.016220583452103962
2018-05-01,0.012975838309655627
2018-05-02,0.010101230935065063
2018-05-03,0.013545490669073911
2018-05-04,0.0013923387340242788
2018-05-07,0.010334232706896419
2018-05-08,0.013612692540680128
2018-05-09,0.0019139746864741645
2018-05-10,0.0033686522746332465
2018-05-11,0.0027083552332892763
2018-05-14,0.003674175222736491
2018-05-15,0.007112652406141656
2018-05-16,0.008966720038168867
2018-05-17,0.011055344567458452
2018-05-18,0.012660375925456385
2018-05-21,0.004776045768714982
2018-05-22,0.005425703659478627
2018-05-23,0.009113025256196958
2018-05-24,0.007283787212459458
2018-05-25,0.008414144575167594
2018-05-29,0.013557018833803915
2018-05-30,-0.007293119732229689
2018-05-31,-0.00285119541113636
2018-06-01,0.0010637913195897034
2018-06-04,-0.00017048939981945122
2018-06-05,0.005461321944428131
2018-06-06,-0.0032517335064527622
2018-06-07,-0.002304328819951012
2018-06-08,-0.0016577843203142992
2018-06-11,-0.0026774554475905233
2018-06-12,-0.007632535607187894
2018-06-13,0.006927387637232418
2018-06-14,-0.014546123924805424
2018-06-15,-0.009899856613557838
2018-06-18,-0.000789717737739188
2018-06-19,-0.0018716951005765502
2018-06-20,0.00029438118984139935
2018-06-21,0.012975426453660111
2018-06-22,0.02271246626122859
2018-06-25,0.03679212651478528
2018-06-26,0.03662015669759193
2018-06-27,0.04657906721117416
2018-06-28,0.0460348658226067
2018-06-29,0.04575816221221882
2018-07-02,0.038261428893508795
2018-07-05,0.037339875037622705
2018-07-06,0.02869223972869063
2018-07-09,0.026204868386435015
2018-07-10,0.022299129537960028
2018-07-11,0.029794976624999588
2018-07-12,0.018753092823236082
2018-07-13,0.01961809989715844
2018-07-16,0.02133387194339631
2018-07-17,0.026203409573968064
2018-07-18,0.021865604009767697
2018-07-19,0.025253239278456397
2018-07-20,0.030640864478541148
2018-07-23,0.030099187911515855
2018-07-24,0.02579312310321467
2018-07-25,0.009540646629672668
2018-07-26,0.010336524464208602
2018-07-27,0.026382946771430126
2018-07-30,0.02802715583946931
2018-07-31,0.006801751041498
2018-08-01,0.006487385783548742
2018-08-02,-0.0019081575508303446
2018-08-03,-0.001847671639595704
2018-08-06,-0.03029747213362394
2018-08-07,-0.025030020149426072
2018-08-08,-0.0184095182903436
2018-08-09,-0.008252653852344477
2018-08-10,-0.007518657140411285
2018-08-13,-0.01058540037648321
2018-08-14,-0.007997682431092511
2018-08-15,-0.0036758663824430615
2018-08-16,-0.023860774807453036
2018-08-17,-0.02489097530051761
2018-08-20,-0.03658863072435588
2018-08-21,-0.04557400968914756
2018-08-22,-0.042897619848664546
2018-08-23,-0.05449885191291978
2018-08-24,-0.06333540009657376
2018-08-27,-0.049696551862647195
2018-08-28,-0.04172996509209836
2018-08-29,-0.040628794108268695
2018-08-30,-0.026647592623948894
2018-08-31,-0.021911754894497048
2018-09-04,-0.02065023425060543
2018-09-05,-0.019926099196677777
2018-09-06,-0.012382582086461168
2018-09-07,-0.011562842258991202
2018-09-10,-0.012639916490001759
2018-09-11,-0.006380515691153747
2018-09-12,-0.004063258914913243
2018-09-13,-0.0001367728398614966
2018-09-14,-0.006629782844802569
2018-09-17,-0.0026447635247407826
2018-09-18,-0.017718140691335187
2018-09-19,-0.019913974586050973
2018-09-20,-0.024167800717901634
2018-09-21,-0.013652006128936849
2018-09-24,-0.0019102575995117482
2018-09-25,0.0022908408649891373
2018-09-26,0.011609367899484
2018-09-27,0.0038067821043208596
2018-09-28,0.005367640732296463
2018-10-01,0.006183023441034252
2018-10-02,0.008861842277346266
2018-10-03,0.012772740130273652
2018-10-04,0.021060236925094167
2018-10-05,0.02332481541323446
2018-10-08,0.016883500071465146
2018-10-09,0.021731639056397974
2018-10-10,0.0487764134644548
2018-10-11,0.07221564255470353
2018-10-12,0.06610973017724034
2018-10-15,0.07634356289379152
2018-10-16,0.050758949893984745
2018-10-17,0.05693184905638288
2018-10-18,0.0696746721716213
2018-10-19,0.06825508637231503
2018-10-22,0.06101788943453432
2018-10-23,0.05828510070488292
2018-10-24,0.08150990937547548
2018-10-25,0.03338324258753066
2018-10-26,0.06439105134639558
2018-10-29,0.0713039134403924
2018-10-30,0.07467995106525138
2018-10-31,0.05737765484618611
2018-11-01,0.035315878942217785
2018-11-02,0.056157148433282886
2018-11-05,0.020815886083681644
2018-11-06,0.01720514980876603
2018-11-07,0.010721044994183946
2018-11-08,0.02451039239607723
2018-11-09,0.026117245781758437
2018-11-12,0.05371183320783143
2018-11-13,0.055027142910250855
2018-11-14,0.03613732259768947
2018-11-15,0.03644217826766706
2018-11-16,0.029882153818537083
2018-11-19,0.05387457923882541
2018-11-20,0.08532071052672069
2018-11-21,0.08161940855044983
2018-11-26,0.06683098727133958
2018-11-27,0.0745652926707675
2018-11-28,0.06496277600208382
2018-11-29,0.06763919716008246
2018-11-30,0.0616162530494382
2018-12-03,0.048858759542391474
2018-12-04,0.08810334515518242
2018-12-06,0.09368280357905881
2018-12-07,0.11591842449869627
2018-12-10,0.11160100321157404
2018-12-11,0.11405610124598048
2018-12-12,0.10924868706535665
2018-12-13,0.10962899013003713
2018-12-14,0.11822853428338617
2018-12-17,0.1394115318159967
2018-12-18,0.13171200027567745
2018-12-19,0.1695830069014438
2018-12-21,0.19393882998630593
2018-12-26,0.16685958962830144
2018-12-27,0.16254558042686965
2018-12-28,0.15225457153814917
2018-12-31,0.12516734551537548
2019-01-02,0.13261661889458148
2019-01-03,0.1707903827636728
2019-01-04,0.1332625837351658
2019-01-07,0.11044508472642696
2019-01-08,0.11006630252030733
2019-01-09,0.11239510016945552
2019-01-10,0.11846789139419178
2019-01-11,0.1180933815793236
2019-01-14,0.13343345449385438
2019-01-15,0.12077277461122407
2019-01-16,0.12091931247839376
2019-01-17,0.1091992263907064
2019-01-18,0.10299767484792371
2019-01-22,0.11274960491241742
2019-01-23,0.1140247590473968
2019-01-24,0.11494864074280106
2019-01-25,0.11069217328789024
2019-01-28,0.12407054546494266
2019-01-29,0.12470468642027988
2019-01-30,0.1127756765371295
2019-01-31,0.10125783528501153
2019-02-01,0.10987154939120956
2019-02-04,0.1066410765368779
2019-02-05,0.10129980499238685
2019-02-06,0.10300194046071337
2019-02-07,0.1162753177719829
2019-02-08,0.11746981600023912
2019-02-11,0.11503970329356929
2019-02-12,0.10438896408502363
2019-02-13,0.10175070808067187
2019-02-14,0.1051622459707787
2019-02-15,0.10176956480412898
2019-02-19,0.10063498699263157
2019-02-20,0.09834847830593489
2019-02-21,0.09835476395153123
2019-02-22,0.09065541225311659
2019-02-25,0.09146902719677108
2019-02-26,0.09982492408068332
2019-02-27,0.10244574662024394
2019-02-28,0.10919416201204697
2019-03-01,0.09050390938585487
2019-03-04,0.08739678984800257
2019-03-05,0.09505640483934624
2019-03-06,0.10320220405537563
2019-03-07,0.12004129943412964
2019-03-08,0.11926926931433916
2019-03-11,0.10386918456047178
2019-03-12,0.10307625252117676
2019-03-13,0.10504618573344696
2019-03-14,0.10609472188647039
2019-03-15,0.11254887343777159
2019-03-18,0.10899441794538191
2019-03-19,0.10874046288827507
2019-03-20,0.11640152728040036
2019-03-21,0.10551165559588782
2019-03-22,0.1254872564822292
2019-03-25,0.13172577347861436
2019-03-26,0.12436119313359367
2019-03-27,0.12396605492983949
2019-03-28,0.12241427668151336
2019-03-29,
2019-04-01,
2019-04-02,
2019-04-03,
2019-04-04,
2019-04-05,
2019-04-08,
2019-04-09,
2019-04-10,
2019-04-11,
2019-04-12,
2019-04-15,
2019-04-16,
2019-04-17,
2019-04-18,
2019-04-22,
2019-04-23,
2019-04-24,
2019-04-25,
2019-04-26,
2019-04-29,
2019-04-30,
2019-05-01,
2019-05-02,
2019-05-03,
2019-05-06,
2019-05-07,
2019-05-08,
2019-05-09,
2019-05-10,
2019-05-13,
2019-05-14,
2019-05-15,
2019-05-16,
2019-05-17,
2019-05-20,
2019-05-21,
2019-05-22,
2019-05-23,
2019-05-24,
2019-05-28,
2019-05-29,
2019-05-30,
2019-05-31,
2019-06-03,
2019-06-04,
2019-06-05,
2019-06-06,
2019-06-07,
2019-06-10,
2019-06-11,
2019-06-12,
2019-06-13,
2019-06-14,
2019-06-17,
2019-06-18,
2019-06-19,
2019-06-20,
2019-06-21,
2019-06-24,
2019-06-25,
2019-06-26,
2019-06-27,
2019-06-28,
2019-07-01,
2019-07-02,
2019-07-05,
2019-07-08,
2019-07-09,
2019-07-10,
2019-07-11,
2019-07-12,
2019-07-15,
2019-07-16,
2019-07-17,
2019-07-18,
2019-07-19,
2019-07-22,
2019-07-23,
2019-07-24,
2019-07-25,
2019-07-26,
2019-07-29,
2019-07-30,
2019-07-31,
2019-08-01,
2019-08-02,
2019-08-05,
2019-08-06,
2019-08-07,
2019-08-08,
2019-08-09,
2019-08-12,
2019-08-13,
2019-08-14,
2019-08-15,
2019-08-16,
2019-08-19,
2019-08-20,
2019-08-21,
2019-08-22,
2019-08-23,
2019-08-26,
2019-08-27,
2019-08-28,
2019-08-29,
2019-08-30,
2019-09-03,
2019-09-04,
2019-09-05,
2019-09-06,
2019-09-09,
2019-09-10,
2019-09-11,
2019-09-12,
2019-09-13,
2019-09-16,
2019-09-17,
2019-09-18,
2019-09-19,
2019-09-20,
2019-09-23,
2019-09-24,
2019-09-25,
2019-09-26,
2019-09-27,
2019-09-30,
2019-10-01,
2019-10-02,
2019-10-03,
2019-10-04,
2019-10-07,
2019-10-08,
2019-10-09,
2019-10-10,
2019-10-11,
2019-10-14,
2019-10-15,
2019-10-16,
2019-10-17,
2019-10-18,
2019-10-21,
2019-10-22,
2019-10-23,
2019-10-24,
2019-10-25,
2019-10-28,
2019-10-29,
2019-10-30,
2019-10-31,
2019-11-01,
2019-11-04,
2019-11-05,
2019-11-06,
2019-11-07,
2019-11-08,
2019-11-11,
2019-11-12,
2019-11-13,
2019-11-14,
2019-11-15,
2019-11-18,
2019-11-19,
2019-11-20,
2019-11-21,
2019-11-22,
2019-11-25,
2019-11-26,
2019-11-27,
2019-12-02,
2019-12-03,
2019-12-04,
2019-12-05,
2019-12-06,
2019-12-09,
2019-12-10,
2019-12-11,
2019-12-12,
2019-12-13,
2019-12-16,
2019-12-17,
2019-12-18,
2019-12-19,
2019-12-20,
2019-12-23,
2019-12-26,
2019-12-27,
2019-12-30,
2019-12-31,
